sample_id,dye_red_owf,dye_green_owf,dye_blue_owf,salt_gL,sodaAsh_gL,temp_C,time_min,pH,liquor_ratio,water_hardness_ppm,soap_temp_C,soap_time_min,RGB_R,RGB_G,RGB_B,L_star,a_star,b_star,deltaE
1,4.26,1.7,1.07,78.1,12.2,68,31,10.5,10,292,75,17,38,172,205,65.22,-23.16,-26.6,38.41
2,0.57,4.95,0.68,74.5,10.3,71,52,10.7,13,215,86,26,224,13,226,53.63,88.44,-55.6,104.53
3,2.23,3.91,2.08,73.6,13.8,73,68,10,12,179,70,25,142,55,150,39.05,50,-35.18,62.11
4,3.34,1.66,2.97,41.3,11.3,68,72,10,12,258,71,19,66,161,90,59.33,-43.89,28.77,53.3
5,1.05,4.49,0.41,52.4,10.3,63,57,10,15,182,73,29,198,0,231,49.23,86.26,-65.75,108.46
6,1.35,2.47,4.71,62.9,19.5,66,33,11.2,10,226,76,25,185,122,0,56.32,16.82,62.61,65.14
7,1.84,3.35,0.8,55.6,10.6,63,47,10.7,11,219,88,14,160,79,219,49.71,57.47,-58.43,81.96
8,4.86,0.03,4.83,58.8,11.4,73,74,10.1,10,280,76,18,0,251,0,86.5,-85.16,82.19,123.85
9,0.27,1.9,4.31,77,13,61,59,10.6,10,183,79,16,246,165,48,74.01,20.96,67.83,74.94
10,4.89,4.69,2.96,60.4,19.3,65,53,10.1,13,234,73,29,0,0,96,7.63,38.7,-52.74,77.94
11,1.66,1.08,1.67,60.7,19.9,60,31,11.2,14,197,81,26,163,198,158,76.46,-19.32,16.26,36.58
12,3.48,3.73,1.06,73.6,14.5,74,69,10.2,9,52,88,11,86,81,206,41.72,37.91,-64.29,75.09
13,1.91,2.76,0.86,59.8,14.7,77,38,11.2,13,246,73,18,148,109,213,54.07,37.24,-48.14,61
14,1.02,1.95,4.32,54.7,17.8,66,41,10.9,10,184,89,22,209,158,44,68.16,8.71,62.4,65.57
15,1.19,2.24,0.3,41.9,12,77,64,10.9,11,245,87,14,198,148,243,69.22,36.42,-40.62,57.84
16,1.1,3.95,3.28,42.3,19.9,74,63,11.4,13,150,72,28,197,53,86,45.76,58.29,15.21,60.39
17,0.03,1.66,2.76,61.9,10.1,67,70,11.4,13,63,84,19,254,171,112,76.9,24.54,42.52,55.98
18,0.48,2.73,0.35,62.6,10.6,76,71,10.8,8,243,86,29,234,133,238,69.78,53.73,-36.71,68.01
19,0.46,2.75,3.99,53.8,10.9,70,76,10.7,14,259,71,16,231,121,57,62.48,38.09,52.56,66.1
20,1.49,2.76,1.13,72.9,19.8,72,63,11.1,9,73,71,28,187,121,202,60.34,39.25,-31.76,51.54
21,3.24,2.27,0.42,55.4,17.2,67,49,10.2,9,148,84,15,84,137,229,57.49,10.85,-51.95,53.6
22,2.12,2.39,0.45,67,13.6,78,89,10.9,13,175,82,23,165,143,232,64.54,27.23,-42.12,52.22
23,4.74,1.34,2.23,77.8,10.9,78,57,11,8,270,79,17,34,194,148,70.22,-50.02,12.17,55.31
24,2.22,1.72,0.49,76.4,12.7,66,47,10.1,9,267,87,24,134,159,226,66.02,8.06,-36.66,40.81
25,0.2,4.39,4.52,70.1,15.7,72,69,10.5,10,133,86,25,242,61,51,54.51,67.26,48.01,82.76
26,2.41,1.86,2.03,68.9,18.4,78,58,10.7,13,294,88,18,140,168,162,66.66,-10.89,-0.13,19.9
27,2.69,1.56,2.59,69.5,15.3,75,87,10.2,9,214,72,28,128,180,124,68.52,-28.26,23.24,41.01
28,4.29,1.35,1.02,64.3,19.4,78,32,11.1,10,136,87,13,43,189,203,70.33,-31.79,-17.7,41.68
29,2.78,3.04,1.42,51.1,19.7,61,80,10.3,9,284,82,12,110,94,180,45.1,27.27,-43.64,51.69
30,2.34,0.38,3.79,63.5,15.2,66,32,11.4,9,212,84,24,125,230,46,82.46,-58.5,72.75,98.84
31,0.05,0.67,0.77,79.2,12.1,67,54,11,8,291,71,26,250,225,222,91.44,8.07,4.59,42.47
32,4.59,0.41,4.33,44.9,10.2,69,33,10.9,15,65,72,29,19,234,30,81.33,-79.39,74.52,113.3
33,2.36,1.06,1.82,68.4,19.6,74,79,11.3,12,118,84,28,139,201,169,76.15,-26.61,9.72,38.55
34,1.47,0.58,4.3,60.6,18.9,71,43,10.6,15,155,87,20,187,225,41,84.26,-34.5,76.87,90.96
35,0.71,2.11,2.16,62,17.3,64,48,11.4,13,178,81,28,214,143,141,66.42,26.68,12.12,33.59
36,2.11,0.91,4.9,51.9,18.6,75,55,10.1,11,264,73,29,139,211,0,77.33,-47.54,76.23,93.9
37,4.94,1.35,4.65,48.3,12.9,69,86,10.6,14,90,86,13,26,187,41,66.46,-65.16,58.23,88.92
38,0.76,2.09,0.62,74.5,17.1,62,89,10.7,10,173,87,14,218,162,231,73.88,32.39,-26.7,48.29
39,4.8,3.3,3.88,43.2,17.2,62,81,11,9,192,86,29,27,94,68,35.31,-27.81,8.93,32.69
40,2.2,2.49,2.73,59,19,79,89,10.9,14,171,70,12,162,142,136,60.61,6.46,5.94,13.77
41,1.59,3.98,3.68,48.6,13.1,78,39,10.4,9,208,90,14,170,39,63,38.48,53.38,18.93,57.8
42,2.48,2.01,0.36,63.3,15.7,79,71,10.7,9,114,88,10,143,169,236,69.66,7.49,-36.44,42.08
43,1.42,3.55,1.96,65.7,19.1,74,78,10.4,10,282,71,17,180,76,154,48.52,51.55,-22.35,56.21
44,3.38,0.83,4.58,69.9,18.9,75,31,10.1,12,149,86,30,78,209,12,74.35,-64.82,71.67,99.66
45,3.49,0.15,2.93,42.6,13.2,60,82,11,14,144,89,17,82,251,105,87.87,-71.41,56.49,98.61
46,0.85,0.77,4.45,73.1,17.2,73,73,11.1,15,288,76,14,210,218,22,83.92,-22.27,80.95,90.55
47,1.52,0.09,0.28,72.6,13.7,69,56,10,11,295,80,14,176,248,239,92.84,-24.03,-2.83,49.2
48,0.79,4.61,3.49,70.5,13.9,69,45,11.3,11,299,77,11,214,2,69,45.32,71.63,25.75,76.26
49,5,2.54,4.57,73.5,12.1,72,90,10.6,13,60,89,25,35,145,46,52.73,-50.33,42.38,65.85
50,3.05,2.9,2.32,47.3,19.3,76,37,10.5,11,219,77,17,112,113,145,48.63,6.91,-17.52,18.88
51,2.79,4.86,1.79,63.3,10.5,79,86,11.2,12,161,89,27,112,10,167,30.53,62.03,-59.44,88.09
52,2.37,2.52,1.72,53,14.6,75,38,10.3,10,141,83,24,133,123,166,53.93,13.02,-21.54,25.47
53,0.71,1.78,1.79,63,12.4,79,90,11.4,10,84,71,29,225,166,171,73.69,22.45,5.99,33.18
54,0.65,1.35,0.08,78,11.6,77,40,11.4,13,154,71,29,218,188,253,80.72,22.77,-28.1,47.45
55,3.31,2.38,0.86,70,14.8,66,52,10.1,10,110,88,23,84,130,214,54.77,10,-47.88,49.15
56,0.6,0.88,4.62,71.2,14.8,80,66,10.8,12,95,89,13,229,218,54,85.54,-13.44,75.64,84.65
57,0.48,1.09,1.38,40.8,13.8,66,75,10.3,9,159,78,21,229,199,181,82.29,7.79,12.91,35.64
58,2.47,2.3,1.71,56.7,19.4,67,63,10,11,259,95,13,124,135,169,56.56,3.86,-19.29,20.74
59,0.46,3.88,4.02,75.5,17.2,70,90,11.2,12,128,74,28,236,65,58,53.95,64.41,43.36,77.75
60,2.88,1.32,4.54,68.4,15.1,76,48,11.1,15,70,93,17,108,190,14,69.5,-49.57,67.89,86.29
61,3.88,3.84,0.7,41.5,16.3,62,42,10.9,14,111,83,18,53,55,217,35,52.5,-81.73,98.29
62,2.23,2.59,3.29,75.6,11.5,67,30,10.7,9,128,81,17,143,128,97,54.18,0.76,18.95,19.42
63,3.16,3.24,3.84,79.5,12.2,61,80,11.1,12,252,79,18,87,86,51,35.83,-5.61,20.53,25.57
64,0.62,0.87,4.78,72.7,14.3,75,46,10.1,10,81,94,15,219,213,11,83.27,-16.17,82.08,90.03
65,0.7,4.6,1.07,53.1,10.8,74,82,10.8,14,179,81,29,219,33,204,52.41,81.86,-45.04,93.46
66,3.12,1.05,0.49,62.7,18.8,78,66,10.7,14,299,86,25,111,203,228,77.09,-20.71,-20.83,39.96
67,1.44,4.06,1.75,51.7,15.1,66,82,10.4,15,296,83,14,176,34,160,42.63,66.86,-35.17,75.9
68,1.77,0.51,2.38,43.7,16.8,73,30,11,15,246,92,14,160,233,135,85.76,-40.41,40.53,67.49
69,4.06,3.25,1.01,51.9,18,75,67,11.2,10,81,78,29,52,97,202,43.57,21.3,-59.06,63.11
70,4.28,0.43,2.12,45.2,10.6,68,44,10.7,11,221,76,25,32,229,146,80.97,-63.74,28.02,76.2
71,1.69,1.88,4.38,54.1,14,75,79,11.1,10,105,81,13,168,157,34,63.8,-9.32,60.25,62.51
72,0.07,3.3,1.87,54.9,18.8,74,34,11.4,10,145,83,12,249,80,157,60.17,69.9,-5.44,70.85
73,3.63,3.45,3.65,76,12.7,67,90,11.5,13,81,95,23,72,86,68,34.9,-9.4,8.7,19.8
74,0.31,1.99,1.31,49.9,14.1,74,62,11.3,8,224,80,27,237,154,190,72.78,35.92,-5.64,42.91
75,3.3,2.54,4.32,65.8,14.7,64,78,10.4,15,263,81,22,79,120,14,45.81,-30.21,47.48,56.43
76,4.32,4.09,3.03,52.7,12.4,67,83,11.4,13,90,72,27,32,39,97,18.46,17.48,-35.48,50.59
77,4.42,2.07,3.32,59.4,18.3,74,58,11.2,10,189,76,22,30,151,88,55.19,-46.86,24.29,53.04
78,4.41,4.65,0.92,54,11.4,62,76,10.1,10,104,71,23,20,7,212,26.88,67.68,-92.37,116.82
79,3.54,3.9,1.25,64.8,16.2,79,35,10.4,15,173,82,22,65,43,188,30.6,50.81,-72.07,90.29
80,4.46,2.34,3.04,51.5,10.5,80,64,10.9,10,151,71,23,51,151,111,56.07,-38.66,12.78,41.17
81,0.07,0.19,2.36,69.7,17.2,69,80,11.2,11,272,72,24,250,242,131,94.08,-11.9,54.11,70.8
82,2.53,0.62,4.11,79.9,17.5,80,70,10.7,12,165,88,23,144,223,76,81.41,-47.73,61.97,84.29
83,2.79,0.99,4.89,63.6,11.3,73,83,10.6,13,189,85,12,127,214,25,77.68,-52.47,73.29,94.29
84,0.05,3.53,4.44,65.8,18.8,69,34,10.6,13,200,92,11,250,77,36,57.81,63.88,58.58,87.02
85,0.43,1.89,4.37,71,11.2,69,42,11.3,8,157,93,14,237,153,24,70.08,22.92,71.04,77.3
86,2.45,0.84,0.64,46.5,14.7,66,79,10.4,15,251,92,13,123,208,216,78.62,-23.68,-12.03,39.05
87,2.13,4.34,0.53,73.5,19.3,77,81,10.4,9,262,91,18,149,42,229,43.8,72.37,-73.77,103.53
88,2.67,3.15,2.46,43.1,19.9,67,37,10,9,63,83,23,120,89,126,42.22,19.74,-15.86,26.49
89,2.2,4.4,4.17,64.5,11.4,67,45,10,13,215,73,11,138,15,28,28.98,48.76,28.04,60.05
90,1.91,2.18,4.43,45,10.8,63,33,10.7,9,200,89,26,155,140,24,57.84,-6.41,57.51,58.39
91,3.82,1.37,0.64,50.4,13,71,84,11.4,9,179,75,13,59,181,225,69.05,-19.06,-31.66,41.58
92,3.94,1.91,3.87,45.8,17.4,71,75,11.1,14,298,80,23,41,151,40,54.82,-51.92,47.08,70.25
93,2.65,2.87,0.65,47.1,10.6,69,83,11.5,11,162,84,10,120,102,218,50.16,35.8,-57.36,67.62
94,2,1.56,1.77,59.7,13.5,64,85,11.2,10,72,88,18,153,177,164,70.1,-10.86,3.87,23.17
95,4.38,3.22,4.01,63,16.2,69,42,10.4,10,293,95,10,20,84,37,30.93,-31.44,21.69,42.69
96,0.54,4.01,4.23,65.2,15.1,74,54,10.4,10,283,77,14,231,43,37,50.52,68.77,50.55,85.35
97,3.88,3.58,0.82,71.3,12.2,62,31,10.8,8,279,88,21,61,77,213,39.75,39.09,-71.59,82.21
98,0.46,4.19,0.26,59.5,11.7,79,87,10.2,9,227,79,13,230,51,241,57.6,85.55,-57.63,103.43
99,3.69,4.63,2.51,65.1,11.4,60,54,10.6,10,277,73,22,65,22,131,21.34,44.16,-52.56,74.39
100,4.11,3.98,0.3,45.5,12.7,79,61,11.3,9,207,88,23,37,50,239,35.8,61.06,-92.98,112.14
101,0.5,2.09,2.23,51.1,10.8,78,70,10.1,11,269,91,25,226,143,137,67.74,30.76,16.42,39.12
102,1.78,3.64,1.63,67.5,12.7,67,69,10.5,10,82,84,21,173,89,179,51.02,47.51,-33.24,57.99
103,1.28,2.61,2.66,63.7,12.7,72,39,10.2,15,153,80,20,189,106,108,54.25,33.21,13.53,36.11
104,3.68,1.31,2.69,78.9,16.6,78,34,10.4,15,168,91,10,66,188,117,68.32,-49.9,26.26,59.29
105,4.7,3.03,3.18,44.8,18.5,64,36,10.3,14,269,79,24,0,83,67,30.86,-26.53,3.17,32.87
106,0.94,1.14,3.87,66.6,14.1,68,70,11,9,174,77,17,213,199,76,79.34,-9.56,61.17,68.51
107,4.97,2.75,3.94,63.3,10,66,39,10.6,9,297,71,23,2,115,50,42.01,-43.16,28.03,52.08
108,4.06,0.03,1.09,40.3,14.2,66,35,11,9,87,76,13,61,254,205,89.99,-57.63,10.19,70.88
109,4.01,2.28,4.62,79.6,17,73,32,11.2,10,144,89,30,52,135,20,49.63,-45.22,48.84,66.56
110,3.74,0.28,3.25,61.7,11.8,68,62,10.2,11,264,87,22,55,241,78,84.11,-75.15,63.24,103.97
111,0.04,2.46,1.99,76.7,15.6,79,65,10.1,13,265,70,26,251,130,158,68.71,48.82,6.47,52.68
112,2.95,1.24,4.83,45.8,14.8,69,45,10.5,13,70,77,28,111,194,19,70.88,-50.04,68.33,87.23
113,4.87,3.49,3.2,53.1,11.2,75,77,10.4,11,218,74,29,2,74,87,28.37,-14.59,-13.35,29.31
114,2.69,2.44,1.07,64.4,13.1,61,81,10.6,15,65,82,13,129,142,203,60.18,10.18,-32.99,35.99
115,2.83,3.85,3.75,74.7,19.6,69,64,10.7,11,129,94,14,126,80,86,39.32,20.18,4.54,23.28
116,3.29,0.35,2.57,47.6,12.6,67,40,10.3,10,295,91,16,70,237,103,83.36,-69.03,52.03,92.66
117,2.27,4.45,1.72,65.1,17.5,66,67,10.3,9,269,86,19,138,22,164,35.32,63.08,-49.65,81.61
118,1.47,0.92,4.32,41.2,19.1,70,66,10.3,11,213,86,10,177,207,27,78.49,-30.6,74.75,85.65
119,2.03,0.68,4.51,70.2,15.7,65,69,11.3,13,107,92,13,152,223,20,81.57,-47.53,77.78,96.46
120,4.91,3.02,1.67,45.8,11.5,67,54,10.1,15,227,78,22,0,79,162,34.39,13.31,-50.46,54.47
121,3.63,0.02,1.23,61.4,19.2,69,63,10.7,13,117,90,15,90,253,200,90.13,-54.48,13.05,68.91
122,4.01,3.47,1.12,57.3,16.4,79,75,10.3,12,291,88,16,48,79,200,38.53,31.73,-66.1,74.21
123,1.93,4.72,2.19,51.8,19.1,63,80,11.2,14,124,86,19,149,7,141,34.94,63.69,-36.13,74.76
124,3.1,1.47,4.47,68.4,14.3,77,40,11.4,10,196,73,15,94,177,24,64.87,-48.73,61.98,80.23
125,2.44,4.41,1.86,51.6,13.5,68,67,10.9,14,210,86,22,133,37,160,35.69,57.12,-46.67,75.14
126,1.08,2.99,4.13,48.1,10.4,66,70,11,9,282,76,29,199,104,49,54.31,33.78,46.53,57.66
127,0.17,0.95,0.08,54.4,11.2,72,84,10.5,10,160,84,20,249,207,251,87.84,22.11,-15.98,46.65
128,2.29,4,3.67,49,19.1,62,41,11.3,12,123,90,14,132,41,51,31.19,39.58,15.68,46.54
129,1.64,1.22,1.57,42.8,15.9,65,59,10.5,14,278,75,19,175,192,170,75.89,-9.94,9.12,29.19
130,2.6,3.26,1.95,76.5,16.4,74,88,10.1,11,100,72,21,131,107,160,49.35,20.41,-25.11,32.37
131,1.58,2,1.45,79.8,17.4,73,65,10.8,8,64,95,22,186,174,190,72.51,7.24,-6.6,24.55
132,3.56,2.66,0.77,66.4,16.7,79,63,10.2,11,80,80,20,83,127,213,53.84,11.3,-48.79,50.23
133,4.02,1.37,4.08,66.9,18.6,66,36,11.2,12,73,73,24,42,179,44,64.09,-60.61,54.98,83.04
134,3.87,1.14,2.68,60.6,15.6,71,40,10,10,184,91,18,49,195,110,70.04,-56.62,32.1,68.1
135,3.4,0.84,0.07,63,15.7,71,34,10.8,9,235,90,27,94,214,249,80.35,-23.45,-27.14,46.99
136,4.74,0.74,0.26,63.7,14.2,70,84,10.3,11,232,81,30,6,213,243,78.52,-32.58,-26.87,50.96
137,0.38,1.49,2.11,67.6,10.7,66,64,10.6,15,100,80,27,236,178,152,77.25,17.69,21.5,38.96
138,1.64,4.55,0.73,46.1,13.1,65,47,10.8,14,64,82,17,168,29,222,44.91,77.01,-67.86,102.77
139,2.41,1.54,2.97,46.5,16.7,75,34,10.5,13,245,82,12,130,178,108,67.78,-29.07,30.77,45.91
140,2.97,3.3,3.19,79.5,12.1,78,76,10.1,8,271,85,20,107,94,95,41.15,5.41,1.35,10.46
141,3.97,3.07,2.01,45.1,14,60,76,11.4,10,173,77,25,41,90,142,37.36,1.63,-33.59,35.93
142,0.37,2.99,0.22,48.5,11.1,65,89,10.6,13,287,82,21,236,105,245,65.38,68.69,-47.44,84.88
143,3.17,0.17,4.19,52.3,19.3,62,66,11.1,12,98,72,19,93,244,36,85.58,-72.17,77.5,111.72
144,1.87,0.98,1.12,57.2,11.4,79,50,10.9,15,80,78,12,169,204,200,79.49,-12.4,-1.88,32.05
145,4.26,0.13,2.22,77.4,14.6,69,64,10.9,13,62,80,10,59,247,158,86.96,-65.27,30.02,80.79
146,1.87,4.58,3.82,69.5,18.3,61,78,11.5,12,141,90,15,156,25,58,34.13,53.06,15.88,57.61
147,4.45,4.55,2.27,72.3,19.3,75,73,10.1,12,212,74,27,32,34,144,21.81,38.28,-60.02,76.57
148,4.38,2.25,2.5,50.9,12.7,65,67,11.4,12,236,94,10,10,133,119,49.7,-33.48,-1.04,33.5
149,4.64,3.45,0.91,64.3,10,74,63,11.1,14,170,85,24,2,69,210,35.83,39.27,-76.37,87.04
150,0.59,0.53,1.02,47.3,17.8,61,86,10.6,11,272,87,28,223,230,203,90.13,-7.01,12.36,42.57
151,4.87,1.82,3.5,45.9,14.2,64,77,11,11,199,92,16,20,165,80,59.56,-54.35,34.06,64.85
152,0.54,0.7,4.07,48.4,13.4,74,39,10.8,11,223,73,22,227,218,55,85.38,-14.24,75.13,84.26
153,3.18,2.57,1.16,72.4,15.1,75,58,11,8,262,71,25,106,135,204,56.83,8.57,-38.9,40.41
154,1.01,1.72,2.47,74.7,17.5,79,34,10.5,10,151,81,20,212,175,140,73.9,8.48,23,34.24
155,0.53,4.86,1.48,47.8,18.7,69,33,11.4,12,273,86,13,227,0,176,51.23,83.38,-30.52,88.8
156,0.05,0.05,4.05,64.4,17.3,71,49,11.1,14,278,90,13,252,254,34,96.7,-21.92,90.52,104.19
157,1.41,3.63,2.07,75,17.3,70,35,10.7,10,280,88,20,192,75,154,50.19,55.48,-19.64,58.85
158,0.58,3.46,2.24,76.7,14.4,77,43,11.4,15,133,78,12,229,75,143,55.76,64.71,-4.14,65.1
159,4,2.88,4.64,78.8,15.8,65,74,10.9,14,106,83,10,75,127,44,48.08,-32.94,38.58,50.77
160,4.49,3.58,3.91,47.7,15.5,66,36,10.9,15,187,74,18,23,70,54,26.24,-20.47,4.97,31.75
161,3.58,2.52,4.54,77.5,14.2,73,64,10.9,11,53,92,26,99,144,49,54.89,-31.36,44.12,54.35
162,3.3,2.2,0.04,41.9,15.4,79,33,11.2,9,264,84,23,72,137,251,58.26,16.63,-62.94,65.62
163,3.63,1.37,1.98,48.3,12.8,71,82,10.3,9,58,72,11,75,187,157,69.09,-39.08,5.77,43.87
164,3.59,0.46,0.42,60,11.9,77,90,11.3,14,271,90,21,65,234,234,84.95,-41.29,-12.32,55.48
165,2.48,0.44,3.58,62.5,13.4,65,51,10.1,15,110,88,23,115,234,55,83.32,-62.42,70.85,100.13
166,4.08,3.35,0,65.6,14.4,79,33,11.3,11,140,81,12,47,79,255,43.38,51.1,-89.41,103.19
167,1.47,2.26,0.95,61.1,16.6,63,82,10.2,14,292,71,20,172,134,206,61.89,28.27,-31.73,44.13
168,1.03,1.54,0.09,66.7,11.3,64,74,10.4,11,127,90,21,196,175,251,75.67,22.77,-34.94,48.97
169,0.77,3.7,3.78,69.7,10.8,75,89,10.2,11,84,73,24,220,75,67,52.57,56.02,36.04,66.66
170,4.64,2.14,1.15,68.9,18.1,68,37,10.7,13,231,85,26,21,148,200,57.57,-13.29,-35.69,38.83
171,3.13,2.23,0.18,79,11,60,56,10,12,142,91,25,87,135,244,57.93,17.64,-59.57,62.63
172,2.25,0.66,3.42,75.8,10.1,71,75,11,8,227,87,12,151,220,94,81.06,-42.48,54.09,75.47
173,1.02,1.05,4.43,67.6,12.5,72,82,10.7,14,253,72,22,204,201,41,78.91,-15.99,72.7,79.85
174,3.91,1.21,3.11,48.9,10.8,78,67,10.7,10,162,78,13,75,202,112,72.83,-54.42,34.78,68.5
175,2.55,2.74,1.02,75.6,19.5,69,52,11.2,15,150,78,23,120,114,206,52.38,25.2,-47,53.38
176,3.19,2.26,1.35,53.8,18.5,77,39,10.6,13,245,93,18,100,141,193,57.66,0.28,-31.4,32.32
177,3.49,3.81,3.81,55.2,10.1,71,46,11,13,190,74,12,83,65,67,29.48,8.15,1.75,22.15
178,1.71,2.6,3.04,72.9,19.1,72,85,10.6,14,197,77,12,179,143,123,62.22,10.64,15.81,22.64
179,0.98,0.84,3.29,78.4,10.3,67,67,10.5,13,189,75,15,213,217,95,84.28,-17.29,58.39,69.88
180,1.31,4.7,3.52,77.1,19.2,70,67,10.5,13,113,72,22,197,50,94,45.58,59.91,10.03,60.9
181,0.32,3.71,1.1,73.5,14.2,80,70,10.4,11,62,81,14,245,82,205,61.53,73.94,-31,81
182,4.15,0.92,3.37,41.4,15.7,76,71,10.3,10,53,91,23,43,212,86,74.99,-66.74,49.75,86.91
183,2.11,2.06,4.11,56.3,14.8,71,48,10.1,9,287,75,18,145,143,39,57.86,-11.98,52.31,54.24
184,3.28,2.99,2.9,44.7,15.3,77,38,10.7,8,102,81,27,100,114,120,47.1,-3.85,-5.08,7
185,0.21,0.06,4.72,77.6,14.6,60,53,10.7,9,158,81,24,246,249,29,94.92,-22.1,89.73,102.75
186,2.42,3.02,3.39,46.5,18,63,54,11.2,13,213,73,17,117,87,65,39.55,9.29,17.59,22.47
187,2.79,1.22,2.66,52.1,14.1,76,84,10.9,10,52,74,20,137,201,136,75.37,-33.26,26.18,49.35
188,4.59,2.26,2.16,79.7,10.3,61,43,10.7,12,150,78,25,22,140,146,52.95,-27.63,-11.92,30.24
189,0.58,3.66,0.57,78.6,14.5,64,48,10.2,13,265,76,24,220,55,226,55.52,80.27,-52.61,96.13
190,0.73,3.69,0.36,60.3,13.6,67,45,10.9,11,251,94,19,218,69,236,57.29,77.17,-55.44,95.3
191,0.7,0.23,1.81,68.8,15.8,80,84,10.3,9,58,83,13,219,240,170,91.81,-18.33,31.63,55.54
192,2.91,1.42,3.13,72.5,19.8,65,47,11.3,8,271,76,14,103,185,89,68.24,-43.85,40.73,62.57
193,1.77,4.83,3.28,40,12.2,80,75,10.4,11,119,77,25,169,10,87,36.64,61.27,0.94,62.72
194,2.71,4.19,3.55,54,16.8,72,83,10.8,12,89,87,24,131,65,93,36.74,31.78,-3.53,34.62
195,3.04,2.36,0.11,70,18.1,80,62,11.3,13,55,81,28,103,137,249,59.54,20.91,-59.71,63.98
196,1.86,2.91,0.3,46.4,18.1,66,88,10.6,14,124,93,15,170,119,241,59.97,44.24,-54.3,70.75
197,4.25,1.65,1.47,76.1,14.6,69,52,10.6,14,150,74,20,53,177,188,66.39,-29.46,-15.37,37.05
198,4.53,0.42,4.81,50.2,18.6,80,37,10.5,13,117,76,26,41,233,30,81.2,-77.47,74.47,111.9
199,1.79,0.87,0.61,52.5,12.7,62,75,11.1,11,154,75,13,160,208,220,80.6,-12.84,-11.02,34.97
200,0.14,0.72,4.96,49.3,13.6,78,38,11.2,14,149,76,26,247,217,0,86.7,-6.33,86.63,94.3
201,4.97,1.79,0.51,42.5,18.4,75,47,10.2,9,180,86,14,0,158,229,61.75,-9.03,-45.32,47.68
202,0.75,1.43,2.6,56.6,11.3,73,44,10.9,15,271,81,25,215,183,116,75.81,2.75,38.23,46.21
203,3.81,1.7,2.78,47.6,19.6,75,76,10.1,10,288,93,16,63,171,107,62.71,-45.57,24.1,53.09
204,0.41,0.72,2.08,58.4,12.3,72,71,10.8,13,117,86,14,233,222,154,87.92,-6.16,34.76,51.81
205,0.81,3.35,2.53,78.8,11.3,64,78,11.3,9,144,75,14,219,90,129,56.05,53.98,4.34,54.49
206,0.37,4.53,4.6,71.9,11.1,62,63,11.2,9,296,91,23,238,8,1,49.93,75.42,63.58,98.64
207,2.12,3.78,0.11,41.5,12.9,74,69,11.4,9,135,85,22,143,61,250,47.08,69.48,-80.28,106.21
208,3.53,1.89,3.25,74.4,14.6,68,87,10.2,15,118,89,17,77,160,90,59.39,-40.66,28.93,50.78
209,1.22,0.31,4.7,54.4,18.1,62,38,10.5,13,247,87,28,190,244,14,89.71,-42.39,85.85,103.65
210,3.86,4.15,4.65,66.5,18.5,66,55,10.7,10,230,72,26,72,62,36,26.59,0.11,17.55,29.26
211,2.99,2.02,3.13,79,15.4,64,42,10.2,9,115,79,18,100,152,97,58.06,-28.74,23.61,38.06
212,3.27,3.43,3.72,72.1,17.6,76,83,11.1,11,260,75,18,98,85,70,37,2.72,10.73,17.07
213,2.3,0.27,4.47,77.9,19.9,79,60,11.2,9,79,82,10,148,243,46,87.29,-56.21,77.49,102.74
214,0.15,1.84,1.07,60.7,14.5,69,47,11.2,12,147,70,13,246,153,198,73.84,40.7,-8.38,47.91
215,2.71,2.99,4.3,67.9,16.1,74,84,10.7,9,260,91,21,136,122,59,51.23,-3.18,35.98,36.14
216,1.62,2.11,0.44,48.7,19.7,79,34,10.1,9,133,82,23,176,148,238,66.96,28.97,-41.56,53.42
217,3.06,1.15,0.58,74,14.2,74,44,10.1,15,94,75,14,94,194,223,73.73,-20.96,-23.3,39.31
218,4.91,4.1,3.09,44.8,14,60,72,11,13,218,94,18,1,51,96,20.9,4.19,-30.95,42.69
219,2.2,3.3,3.95,49.5,15.1,72,66,10.6,11,204,73,15,154,100,67,47.48,18.19,27.55,33.11
220,2.17,3.95,2.93,53,10.7,66,38,11.3,13,280,87,19,127,24,79,28.72,47.07,-6.48,52.06
221,1.54,3.87,0.16,58.6,10.1,72,72,10.1,11,212,72,29,169,53,250,49.35,76.29,-76.42,107.98
222,2.86,3.95,1.47,77.2,13.4,64,81,11.1,11,245,92,12,103,54,181,35.71,48.82,-59.39,78.2
223,3.05,0.48,3.43,64.6,12.9,80,37,10.8,14,251,81,29,101,227,88,80.96,-60.95,56.05,88.4
224,4.76,1.23,0.6,76.5,18.9,79,73,10.2,14,238,88,27,15,190,228,71.23,-25.97,-29.98,44.99
225,2.94,0.04,4.16,69,19.7,62,85,11.1,15,254,74,26,102,248,39,87.05,-71.32,78.25,112.17
226,3.93,2.82,0.9,45.7,11.1,61,87,10.8,11,93,72,29,67,122,209,51.51,10.21,-50.27,51.32
227,0.74,1.31,0.63,76.4,10.5,66,80,10.6,8,53,74,20,224,201,223,83.42,11.88,-7.95,36.35
228,0.43,3.33,3.79,72.6,12.7,67,60,10.4,15,182,88,22,229,79,53,54.57,56.78,46.28,73.39
229,2.29,4.82,0.34,42.2,17.8,67,50,11.4,14,261,90,15,126,0,238,38.91,79.48,-87.03,118.38
230,3.29,0.91,2.35,64.1,16,70,69,10.2,13,114,72,26,86,204,133,74.1,-49.2,25.68,60.51
231,0.46,2.27,0.78,79.5,13.4,71,79,10.9,12,73,94,22,234,157,220,74.05,38.16,-20.29,49.46
232,3.65,1.37,3.95,78.8,19.8,62,81,11,14,150,90,27,84,190,78,68.94,-52.55,46.6,72.74
233,2.35,1.41,4.46,73.9,14.4,63,77,10.9,15,292,94,29,139,182,30,68.78,-34.29,64.89,75.76
234,4.86,1.09,2.84,69.1,16.6,77,72,11.5,14,69,93,29,19,200,115,71.34,-60.36,31.15,71.2
235,0.17,2.18,3.24,63.8,11.7,74,64,10.7,11,259,77,13,249,150,103,71.51,32.84,40.4,56.33
236,3.63,2.18,3.96,44.9,18.6,70,67,11.4,9,181,94,22,69,146,54,54.12,-42.02,40.6,58.57
237,4.09,1.01,4.09,52.5,14.7,77,52,10.9,10,217,78,13,66,205,65,73.02,-63.23,56.53,87.88
238,3.87,1.08,3.19,66.1,10.7,68,33,11.1,13,94,79,16,43,195,77,69.52,-62.35,47.47,80.76
239,3.02,3.79,3.86,69.1,11.8,66,80,10.6,11,129,76,28,111,78,74,36.6,13.31,7.9,20.47
240,2,2.71,2.89,55.8,10.2,77,64,11.3,10,187,73,17,151,118,106,52.48,11.07,11.55,16.19
241,2.82,4.05,2.55,53.4,18.9,64,43,10.7,10,55,75,28,120,66,136,37.24,35.44,-29.7,47.97
242,3.24,3.68,4.46,64.3,11.1,72,84,10.5,12,91,87,19,104,88,48,38.09,0.79,25.46,28.12
243,3.59,4.7,0.62,58.4,20,68,80,10.6,10,91,84,27,97,42,230,37.68,66.2,-84.63,108.15
244,3.46,3.51,1.34,71.3,15,70,35,10.3,10,150,79,15,77,76,181,37.99,31.24,-55.8,65.07
245,0.05,2.34,2.75,57.3,12.2,79,75,10.6,14,120,79,26,253,143,129,70.95,40.08,25.78,52.06
246,0.17,0.35,1.27,70.6,13.7,67,76,10.2,10,90,86,27,244,233,195,92.33,-2.26,19.84,46.8
247,4.76,3.42,2.93,50.3,12.2,74,58,11.1,15,243,74,25,0,63,90,24.62,-6.81,-21.13,33.72
248,3.06,3.71,2.89,41.7,12.8,71,54,10.6,9,97,78,21,106,77,115,37.13,19.64,-17.04,29.01
249,2.86,1.29,4.2,71.7,11.7,78,85,10.5,15,206,76,15,127,196,66,72.48,-42.96,56.23,74.25
250,4.39,2.67,4.4,49.4,14,68,39,10.3,12,191,88,27,4,102,5,37,-43.28,41.1,61.08
251,1.02,3.64,0.3,72.1,16,69,70,10.5,10,299,72,22,207,82,243,57.82,71.29,-58.58,92.6
252,3.14,0.51,2.26,47.4,14.8,79,43,10.7,12,210,72,10,108,230,147,82.85,-52.19,30.31,68.71
253,2.5,1.94,0.49,47.5,10.3,65,39,10.2,14,80,87,15,116,146,223,61.3,10.21,-42.47,45.12
254,0.15,4.19,1.73,66,19.6,65,45,10.9,10,185,87,20,248,56,172,57.82,78.82,-17.73,81.17
255,2.36,2.85,3.24,50.1,12.1,74,66,11.4,10,118,93,26,133,109,91,47.85,6.65,13.63,15.32
256,3.46,0.85,3.46,71.3,11.3,72,58,10.8,9,85,84,16,100,215,99,77.41,-55.48,46.97,77.69
257,4.44,1.97,3.85,78.9,15.5,75,73,10.3,10,128,87,13,42,164,71,59.43,-52.75,38.46,65.96
258,1.87,2.54,2.06,65,12.5,64,89,10.4,11,261,82,20,153,120,142,54.2,16.66,-7,18.55
259,4.55,1.14,2.12,56.5,10,66,65,10.8,8,149,83,17,42,204,151,73.49,-52.51,15.16,59.49
260,3.81,0.08,2.34,63.3,13.6,70,50,11.5,13,112,82,14,56,254,134,88.66,-72.18,44.04,92.97
261,4.93,1.79,1.85,55.1,19.8,72,38,11.1,14,292,83,12,0,153,154,57.19,-32.53,-10.17,34.83
262,2.79,4.67,2.72,43,13.3,78,79,11.3,13,56,89,13,112,14,118,26.93,51.87,-34.9,66.64
263,3.03,2.78,4.1,59.3,17,74,67,10.2,9,82,85,23,110,119,58,48.03,-13.23,32.14,34.81
264,2.37,4.24,1.95,72.9,13.2,69,88,11.1,9,162,92,21,133,46,155,36.57,52.7,-42.23,68.86
265,4.11,1.16,0.26,71.9,10.2,62,67,10.2,12,238,85,11,30,194,243,73.11,-22.32,-35.19,47.65
266,1,1.27,0.61,74.7,17.9,64,48,10.5,15,114,70,13,210,199,225,81.83,8.64,-11.5,34.93
267,4.42,1.4,1.2,48.8,15.5,73,83,11.4,10,112,89,17,37,187,194,69.35,-34.12,-14.25,41.73
268,4.47,2.19,3.51,74.1,10.9,69,43,11.3,12,83,93,15,19,141,69,51.4,-47.85,29.6,56.28
269,4.71,3.64,3.71,75.2,12.1,73,49,10.5,10,147,77,22,37,82,82,31.89,-15.37,-4.74,24.22
270,4.79,0.09,2.84,50.2,13.2,67,55,11.2,9,249,90,17,0,249,94,86.28,-79.47,59.12,105.48
271,2.63,4.01,2.22,73.8,13.6,72,57,10.6,9,260,74,17,129,66,153,39.35,41.75,-36.63,56.55
272,1.89,2.03,1.21,41.1,15,61,38,10.9,13,97,90,12,156,156,198,65.69,8.96,-21.54,28.11
273,4.72,0.31,4.07,52.6,18.6,68,39,10.9,10,259,91,15,24,243,58,84.28,-80.13,70.24,111.94
274,1.08,4.4,3.8,49.8,17.4,63,78,10.7,9,109,76,12,207,54,78,47.57,60.38,22.85,64.6
275,4.4,3.39,2.82,66.3,15.2,74,77,10.8,14,124,77,29,50,98,129,39.58,-6.35,-22.21,25.34
276,4.57,3.23,3.7,62.6,18.9,69,33,10.9,9,143,88,19,37,101,83,38.42,-25.21,4.17,28.05
277,2.9,1.18,0.52,72,12.4,75,46,11.3,11,273,75,20,101,196,230,74.8,-18.61,-25.44,40.11
278,4.07,2.14,1.44,40.6,13.3,75,36,11.3,8,249,74,26,33,134,181,52.63,-11.42,-32.59,34.63
279,4.46,1.16,3.67,42.7,18.9,64,87,10.2,15,275,75,13,10,189,57,67.09,-65.49,53.15,86.06
280,2.94,0.23,0.83,44.3,16.2,68,76,11.1,14,228,77,18,97,244,207,87.84,-47.95,6.17,61.39
281,4.87,3.72,0.33,54.9,17.3,70,43,10.2,9,204,90,26,0,60,242,37.19,55.93,-92.39,108.76
282,4.16,4.68,4.57,75.7,16.5,66,81,10.7,15,93,89,22,68,42,50,20.5,13.46,-0.16,32.43
283,1.64,2.29,1.04,73.8,14.8,60,58,10.8,12,217,86,30,175,144,203,64.46,22.91,-26.06,37.59
284,0.87,2.49,1.78,50.5,18,73,84,10.3,10,294,78,23,205,130,164,63.03,33.6,-5.92,36.52
285,2.63,2.23,4.16,53.8,15,79,41,11.1,15,262,84,15,110,130,26,51.1,-21.45,49.52,53.98
286,1.6,0.88,0.14,54.6,16.3,80,85,11.1,8,225,75,14,174,213,245,83.54,-5.6,-19.85,39.37
287,1.38,4.88,2.35,73.1,13.9,71,88,11.1,9,140,85,17,193,25,138,44.05,69.57,-19.42,72.47
288,1.25,0.91,4.86,43.4,13.8,71,81,10.8,12,61,73,20,200,210,27,80.99,-22.49,77.47,86.42
289,0.74,4.35,1.6,57.5,20,65,88,11.3,10,57,92,10,215,51,174,51.69,72.8,-28.79,78.3
290,3.21,0.63,2.55,47.2,17.4,77,64,11,14,58,87,15,110,222,133,80.32,-50.8,34.08,68.27
291,3.62,1.26,3.69,62,19.3,65,88,11.3,14,112,72,25,74,192,67,69.15,-56.89,51.6,79.16
292,3.23,1.67,4.8,73.5,15.4,70,62,11.2,11,114,88,18,96,173,8,63.66,-46.93,63.7,80.29
293,3.5,0.36,3.43,52.6,16,64,33,11.3,13,64,72,30,64,234,62,81.99,-73.08,66.85,104.08
294,4.49,3.33,1.14,58.8,11.1,71,75,10.5,12,276,78,17,36,94,199,42,20.4,-59.89,63.77
295,2.74,4.3,3.02,58.9,15.5,65,55,10.2,15,248,85,29,100,16,85,22.78,43.23,-20.07,54.89
296,2.03,0.67,3.56,78.4,19.4,73,46,10.4,14,290,74,24,144,217,69,79.6,-45.73,62.78,83.12
297,0.62,2.61,0.3,77.1,18,60,82,10.8,13,177,95,14,225,129,243,68.15,54.12,-42.08,70.92
298,2.47,3.92,1.93,62.3,20,61,86,11,14,52,83,25,140,75,164,43.19,42.4,-37.03,56.7
299,2.41,2.34,4.14,55,14,68,90,10.4,11,167,89,21,135,135,42,54.71,-12.04,47.72,49.44
300,1.82,5,4.8,79.1,17.9,70,88,11.3,9,294,82,26,167,7,24,34.88,57.81,38.32,70.99
301,4.5,1.87,3.98,52.7,18,70,89,10.1,9,192,73,21,29,163,63,58.8,-55.25,41.48,69.65
302,0.86,0.77,3.33,52.3,13.8,73,62,10.7,8,166,88,23,218,220,105,85.56,-15.97,55.46,67.79
303,0.07,3.01,2.87,43.9,12.6,65,77,10.5,9,246,79,29,251,111,115,64.26,53.79,24.59,60.84
304,0.91,2.18,1.28,63.8,11.9,71,61,10.8,13,243,91,26,214,143,192,67.84,34.22,-14.41,41.19
305,1.37,2.59,4.02,52.1,13.2,68,75,10.3,14,296,92,23,182,113,35,53.9,21.2,51.52,55.85
306,2.98,1.95,3.61,73.5,10.7,69,30,10.2,10,232,86,24,92,152,56,57.09,-36.94,43.29,57.35
307,2.5,0.49,3.54,65.9,11.2,68,75,10.4,12,250,88,12,116,225,68,80.73,-57.96,63.93,91.6
308,2.14,4.08,1.31,78.5,12.4,60,44,11.1,12,63,81,23,144,40,182,39.28,62.54,-53.93,83.27
309,2.16,2.69,0.83,69.5,11.7,78,33,11.4,12,86,75,16,139,119,217,55.78,30.16,-47.73,56.76
310,2.45,3.18,1.32,61,18.8,64,68,10.5,10,272,94,18,134,103,196,50.4,32.63,-44.35,55.06
311,2.9,1.56,1.09,71.2,13.8,65,66,10.6,12,220,75,18,113,183,204,70.69,-16.51,-17.5,31.73
312,2.41,1.58,3.93,54.9,10.5,70,41,10.2,8,196,83,29,124,163,40,62.2,-31.02,55.58,64.81
313,1.28,4.48,3.26,44.2,16.4,61,35,11.4,9,285,72,20,187,2,70,39.67,65.27,16.68,68.16
314,3.45,2.25,2.82,60.4,12.2,78,35,11.3,15,237,74,19,67,124,100,47.66,-24.81,7.34,25.98
315,2.86,0.58,2.72,59.7,12.7,76,38,11.2,14,213,85,12,97,220,104,78.88,-57.48,46.38,79.3
316,0.06,1.21,4.27,42.8,13.8,77,52,10.5,8,226,89,17,252,196,50,82.06,7.35,74.55,81.48
317,2.95,2.6,2.68,58.1,11.4,62,74,10,12,163,94,25,96,112,108,45.85,-6.85,0.21,8.01
318,2.04,2.26,3.92,45.7,10.7,61,65,10.7,8,168,74,11,153,142,64,58.5,-6.25,42.26,43.56
319,0.62,0.4,2.55,43.2,14.5,79,68,11.3,9,150,74,24,222,235,129,90.11,-19.57,49.73,66.82
320,2.96,4.04,4.87,48,19.3,68,78,10.6,8,159,86,20,121,72,33,35.62,17.26,31.5,38.69
321,2.67,2.81,1.51,69.9,18.3,71,86,10.4,12,275,91,17,115,116,183,51.33,16.13,-35.51,39.02
322,0.62,4.32,3.82,58.1,17.8,64,39,10.1,9,286,78,27,224,18,40,47.54,71.54,45.79,84.97
323,4.76,0.9,4.07,63.2,18.8,76,36,10.7,10,131,75,29,35,211,69,74.43,-69.16,56.3,92.46
324,0.93,2.42,3.69,75.7,13.1,65,55,11.2,9,99,76,29,202,129,68,60.5,22.59,43.96,50.53
325,4.17,0.15,0.33,41.8,12.3,73,77,11.1,13,63,94,19,40,252,239,90,-49.9,-7.46,64.39
326,2.42,0.01,1.58,61.5,12,69,86,11,13,156,86,18,145,253,183,91.54,-46.02,23.99,66.48
327,2.45,3.24,4.38,69.1,17.7,67,32,10.2,14,258,83,23,114,73,14,34.75,12.48,39.17,43.85
328,4.81,3.1,0.07,69,10.8,66,72,11.3,11,171,75,10,6,94,247,45.3,37.38,-81.82,90.08
329,3.03,0.01,1.73,51.1,14.3,66,40,10.8,8,281,77,15,105,255,164,90.41,-59.72,31.82,78.82
330,1.72,3.63,3.42,48.1,19.5,72,51,10.7,14,200,81,19,174,82,89,46.65,38.22,13.99,40.84
331,3.17,2.64,2.44,77.2,15.5,79,41,10.5,9,151,80,28,107,136,150,55.01,-6.84,-10.83,13.75
332,0.4,0.96,2.6,58.2,11.9,74,82,10.7,13,73,77,22,238,215,141,86.36,-2.11,39.39,53.65
333,2.36,2.92,4.02,72.1,17.7,73,50,11.3,15,290,83,18,123,93,37,41.49,5.9,35.86,37.33
334,3.82,2.58,0.63,47.2,15.9,61,47,11.2,11,140,78,14,42,113,216,48.58,15.25,-58.99,60.95
335,2.67,1.09,2.23,60.1,11.6,79,63,10.4,11,86,72,19,125,202,146,75.25,-35.74,20.65,48.39
336,3.21,1.35,3.17,65.6,16,80,43,11.3,13,113,81,13,87,184,91,67.32,-47.76,38.47,63.73
337,3.11,0.57,0.98,78,19.5,66,52,10.4,9,173,75,30,96,224,204,81.92,-40.11,-0.85,51.27
338,3.75,0.46,1.26,44.1,15.9,75,78,10.8,11,135,74,26,83,235,198,84.65,-48.64,6.24,60.05
339,3.86,3.16,2.05,57.8,10.8,67,57,10.6,11,252,71,15,61,97,152,40.91,4.59,-33.95,35.44
340,1.27,3.04,2.17,56.1,15.5,71,57,11.4,9,197,89,24,186,95,137,52.32,41.57,-6.42,42.13
341,3.61,0.25,0.12,52.8,16.9,68,87,10.1,12,238,77,14,64,239,247,86.77,-39.98,-16.43,56.75
342,0.28,0.01,3.57,50.2,19.6,66,70,10.6,11,89,84,20,245,255,91,96.69,-23.08,74.12,90.59
343,1.64,3.37,0.2,42.8,16.5,66,31,10.2,13,102,79,22,165,62,244,49.47,71.23,-72.91,101.93
344,3.6,4.97,1.73,65.1,15.7,66,75,10.1,13,116,83,29,70,0,165,23.73,59.27,-69.63,95.14
345,3.65,0.98,4.69,44.8,11.8,74,46,10.3,15,290,72,10,44,203,0,71.72,-69.29,70.49,101.2
346,1.66,0.48,2.23,42.4,16.4,78,56,10,11,190,86,11,167,230,142,85.38,-35.77,36.65,62.25
347,3.4,2.85,1.25,69.9,18.5,77,87,10.4,8,168,77,25,102,121,199,52.53,14.46,-42.85,45.29
348,0.58,0.72,4.26,63.5,19.1,78,83,10.4,9,138,89,27,224,224,50,86.7,-18.63,77.69,87.92
349,1.9,4.26,0.03,75.2,10.8,78,35,10.4,9,228,80,11,160,29,252,46.15,81.76,-82.83,116.45
350,0.11,4.42,0.26,42.1,18.5,70,80,10.9,12,199,93,25,248,49,243,60.45,89.6,-54.02,105.15
351,3.76,1.73,2.45,71.2,18.3,74,63,11.1,13,90,77,19,67,174,135,64.33,-40.1,11.05,43.99
352,3.9,0.7,4.23,44.8,13.1,66,56,10.7,10,168,86,12,58,221,51,77.79,-70.78,66.22,100.83
353,4.11,4.56,2.55,49.4,16.1,72,56,11,13,235,74,30,48,25,133,20.11,41.19,-55.92,75.61
354,3.88,0.65,3.95,51.6,12,64,53,11.3,12,127,89,26,35,220,31,77.06,-74.37,70.63,106.07
355,4.08,2.64,3.43,71.4,19.2,67,30,10.2,12,90,85,24,42,117,79,43.91,-32.68,14.3,36.19
356,2.66,0.68,1.98,48.1,12.8,63,77,11.5,13,56,85,20,114,222,153,80.8,-46.32,24.5,60.78
357,0.22,3.93,4.79,65.9,12.4,78,79,10.9,8,79,80,19,244,82,46,57.53,60.3,53.52,80.98
358,3.41,4.25,3.12,47.8,10.3,77,37,10.1,12,223,87,25,67,12,82,15.83,36.28,-29.48,57.9
359,1.77,3.06,4.95,46.1,11.4,79,39,10.8,9,60,92,17,170,108,22,51.07,18.29,53.12,56.19
360,2.3,2.94,4.39,54.5,14,73,33,10.7,14,112,89,21,143,111,37,48.69,4.78,44.04,44.32
361,3.91,0.61,1.15,52.7,10.9,76,31,10.3,14,258,85,20,26,224,186,80.22,-53.18,6.07,61.47
362,3.95,0.76,2.39,71.8,11,62,74,11.4,14,154,82,20,45,216,123,76.74,-62.31,34.15,75.92
363,0.95,0.6,3.86,55.9,16.4,61,43,10.8,13,198,72,17,209,221,62,84.8,-22.89,71.83,83.03
364,0.9,0.89,0.43,46.8,13.2,73,39,10.9,14,178,94,26,204,209,237,84.25,3.79,-14.32,37.32
365,3.91,4.44,1.41,76.7,18.7,62,47,10.5,12,283,94,10,66,37,190,29.91,54.34,-74.38,94.28
366,0.88,4.47,4.34,63.7,11.7,78,76,10.4,10,104,92,19,211,34,42,45.86,65.49,42.16,78
367,1.02,1.58,2.46,47.8,13,70,48,10.1,11,52,86,14,204,167,120,70.76,7.23,29.4,36.71
368,3.08,2.31,0.97,66.4,11.9,65,80,11.3,12,104,83,25,97,137,205,56.92,5.59,-39.36,40.35
369,3.01,1.03,0.14,59.8,13.4,67,62,11.3,9,134,93,22,97,200,245,76.34,-16.99,-31.16,44.2
370,2.18,2.64,1.65,61.9,16.5,73,45,11.3,10,158,74,19,141,122,167,54.42,16.48,-21.3,27.29
371,0.63,3.64,4.21,73.3,19.7,76,74,10.4,13,74,93,10,224,87,60,55.07,51.95,42.9,67.56
372,3.94,4.07,2.15,66.7,12.5,65,86,10.9,15,86,90,22,65,68,157,33.33,25.98,-49.06,57.96
373,4.99,4.76,1.74,75.8,19.2,70,56,10,13,112,71,26,0,14,173,21.32,55.46,-78.61,100.39
374,1.81,4.47,3.83,64.6,10.7,80,76,10.9,12,75,92,16,170,50,88,40.47,51.41,5.84,52.61
375,1.32,3.45,2.17,45.5,13.6,75,86,10.6,8,120,84,18,199,96,159,55.09,48.51,-15.02,51.04
376,0.39,3.47,4.11,63.2,15,73,74,10.1,14,77,92,30,237,75,44,55.3,60.68,51.94,80.05
377,2.48,3.94,2.83,71.5,16.8,64,62,11.3,11,191,93,22,121,53,107,33.29,37.05,-17.77,44.36
378,1.88,1.44,4.78,47.1,14.1,66,89,11.2,10,287,91,23,149,183,0,69.65,-31.32,70.63,79.72
379,4.91,1.83,1.8,59.7,17.6,64,54,10.3,14,247,81,29,0,154,153,57.47,-33.31,-9.18,35.35
380,2.94,2.94,1.11,61.9,14.8,79,35,10,11,177,83,19,95,97,197,45.65,26.97,-52.7,59.36
381,1.72,2.77,2.22,70.9,10.5,73,77,11.3,13,70,70,21,167,119,149,55.67,23.62,-8.72,25.81
382,0.19,0.34,0.13,68,18.1,61,39,10.3,12,170,71,29,247,236,248,94.54,5.79,-4.46,45.14
383,4.45,0.48,0.59,44.8,11.8,75,76,10.5,10,186,78,27,49,235,224,84.71,-46.08,-7.43,58.17
384,4.62,4.79,2.57,67.6,18.1,64,84,10.5,10,134,93,20,51,37,144,23.8,38.61,-56.69,73.42
385,3.28,3.53,4.07,43.4,10.9,70,83,10.1,14,213,86,27,77,61,33,26.81,2.89,19.79,30.62
386,3.68,0.94,4,73.4,18.9,75,58,10.8,8,147,87,22,98,216,85,77.5,-57.98,53.39,83.48
387,1.23,3.61,0.11,70.7,12.7,67,36,11.1,9,257,82,18,193,56,248,52.89,78.84,-69.41,105.08
388,3.4,0.71,4.6,42.2,19.2,68,75,11.4,12,245,77,20,77,215,9,76.19,-67.03,73.46,102.84
389,0.29,3.11,2.98,64,12.8,78,49,11.1,14,60,87,23,238,93,100,58.91,56.36,25.71,62.58
390,4.11,4.47,1.68,63.8,17.8,63,78,10.1,9,271,80,26,41,23,169,23.5,52.29,-72.52,93.25
391,0.63,0.18,2.51,72.1,15.8,75,67,10.6,9,254,76,17,230,249,139,94.5,-22.26,50.51,70.9
392,0.96,2.4,3.28,40.6,10.1,74,37,10.9,10,90,70,13,203,141,93,63.79,18.3,34.89,41.74
393,3.42,3.37,0.16,79.3,18.4,75,80,10.1,10,181,76,18,94,92,248,48.02,46.04,-77.8,90.42
394,1.18,1.75,4.17,70.7,13.2,61,72,10.5,8,67,90,25,201,177,69,72.42,-3.7,56.5,60.9
395,2.74,1.21,0.44,58.8,10.3,79,71,11.1,11,61,91,17,115,199,231,76.23,-16.96,-23.74,39.23
396,2.98,3.98,3.15,46.3,15.3,65,58,10.5,10,152,81,29,113,56,106,32.66,32.64,-18.21,41.2
397,0.14,3.67,2.78,59.7,12.7,62,45,10.3,14,237,89,11,252,44,92,55.36,76.22,26.21,80.78
398,2.1,2.33,1.67,46.3,18,74,52,10.7,14,187,84,18,156,143,169,61.29,9.9,-11.89,19.15
399,0.15,0.24,1.03,49.4,12.2,66,65,10.3,13,93,87,23,242,238,198,93.5,-5.08,19.89,48.1
400,4.92,3.11,4.3,43.2,14.5,60,80,11.4,12,102,73,26,0,87,25,31.55,-37.28,28.69,50.53
401,1.52,3,4.05,43.4,18.5,60,57,11.2,11,204,87,30,172,88,25,46.74,30.29,48.55,57.32
402,3.82,2.74,1.53,61.9,11.1,64,75,11.1,9,209,80,11,50,111,177,45.93,2.84,-40.79,41.09
403,2.99,0.76,3.92,74.1,14.9,70,36,10.6,14,208,72,13,105,217,61,77.85,-58.6,63.39,90.71
404,3.21,2.9,1.89,76.5,19.3,62,82,10.5,11,55,75,26,117,132,172,55.34,4.21,-22.93,23.92
405,1.77,4.69,0.13,64.5,16,79,54,10.5,9,107,93,10,177,46,254,50.05,80.38,-77.48,111.64
406,1.47,4.54,3.73,76.1,13.6,72,49,10.5,10,243,72,12,185,40,81,41.89,58.64,12.66,60.54
407,4.41,2.77,3.46,66.3,17.5,78,90,10.5,14,70,85,13,61,138,102,51.98,-32.72,12.23,34.99
408,3.27,3.53,1.23,61.3,13.2,77,65,10.2,9,58,74,13,94,89,194,43.39,30.74,-54.61,63.02
409,1.52,0.69,1,50.4,11.8,78,74,11.4,10,218,81,20,181,214,200,82.96,-13.65,3.26,35.82
410,3.4,1.12,0.06,44.7,19.3,70,63,11.3,10,192,75,27,74,201,253,76.26,-18.57,-35.62,47.99
411,4.75,3.38,2.86,65,12.2,61,66,10.8,9,268,87,11,18,91,121,35.97,-10.1,-23,28.77
412,2.19,0.59,0.04,40.4,14.9,73,83,10.9,14,145,86,20,146,229,249,86.5,-20.23,-17.63,45.3
413,1.81,0.49,3.14,77.2,12.8,71,72,10.1,12,166,86,26,164,230,92,84.62,-42.45,59.18,80.64
414,2.4,3.65,0.65,69.4,12.9,62,79,10.6,9,101,87,26,143,91,227,50.53,49.56,-61.74,79.17
415,1.7,0.03,4.78,63.2,10.7,78,75,10.3,10,125,78,11,175,255,23,92,-52.42,86.32,109.38
416,1.29,4.32,4.5,43.6,15.8,70,80,10.9,12,205,87,26,196,45,37,43.87,58.14,41.91,71.93
417,4.62,2.31,3.16,75.4,12,79,50,10,10,98,92,27,20,137,91,50.45,-41.85,16.24,44.89
418,4.09,0.59,1.45,55.7,17.7,73,48,11.2,11,161,91,16,40,225,183,80.58,-53.39,8.19,62.07
419,1.56,2.59,0.02,62.3,17.2,76,42,10.8,10,154,75,14,183,137,253,65.79,40.6,-51.59,67.52
420,0.88,1.06,0.67,69.8,15.4,70,40,10.6,14,270,85,17,214,206,221,83.79,5.49,-6.42,34.83
421,3.89,0.54,2.26,69.4,18.1,62,82,10.1,11,251,88,16,59,225,144,80.06,-59.96,27.89,72.64
422,4.95,3.08,4.59,63.4,16.2,64,73,10.3,12,51,79,20,6,100,21,36.38,-41.38,35.55,56.23
423,0.65,2.07,2.02,45,15.9,80,57,11.3,12,274,90,26,217,146,149,67.64,27.22,9.42,33.78
424,3.09,3.01,4.23,64.6,10.4,72,66,10.9,8,185,88,28,106,113,58,45.88,-11.69,29.47,31.97
425,0.71,3.52,3.64,59.9,11.9,62,70,10.2,14,145,89,24,221,65,59,51.24,59.83,39.05,71.46
426,3.02,0.67,4.48,66.6,15.3,75,79,11.2,14,203,73,23,98,221,22,78.67,-63.77,74.16,101.92
427,2.82,1.66,0.05,77.8,13.1,77,32,10.3,13,60,83,12,109,173,251,69.54,1.74,-44.93,49.03
428,2.55,3.49,1.13,50,18,80,48,10.6,11,88,93,29,135,92,205,48.53,41.52,-52.5,66.95
429,2.58,0.67,0.56,49.8,15.4,79,36,10.4,13,239,94,16,113,214,225,80.2,-26.57,-14.52,42.76
430,0.38,2.68,4.24,58.8,11.1,63,55,10.3,9,70,83,22,231,112,27,60.48,41.73,62.63,75.99
431,4.54,0.87,1.23,46.9,19.2,70,34,10.2,14,170,87,15,1,210,190,75.95,-47.26,-2.28,53.96
432,0.81,4.26,0.65,44.9,11.7,79,75,10.9,13,150,79,11,216,57,227,55.15,79.07,-53.81,95.78
433,0.95,3.26,4.93,65.6,14.5,63,34,11.4,8,149,77,15,200,80,0,49.52,45.01,59.56,74.66
434,2.21,4.25,2.05,56.3,15.1,61,45,10.6,15,285,83,14,142,34,149,36.11,57.93,-39.24,71.33
435,1.49,1.66,2.46,71.4,12.3,61,89,10.4,11,121,81,21,178,171,128,69.58,-4.38,23.1,30.6
436,1.66,0.7,3.14,67.5,10.4,74,49,10.6,9,231,79,20,171,221,106,82.6,-34.57,50.71,69.49
437,0.15,4.99,3.14,72.5,15.5,71,43,11.1,14,50,78,20,245,0,94,52.09,80.19,20.45,82.78
438,4.67,2.75,3.37,40.8,14.6,66,48,10.8,14,295,89,21,5,112,71,41.33,-37.61,15.36,41.54
439,4.23,3.58,0.36,46,19.4,65,74,10.5,11,146,81,11,60,89,237,44.54,39.94,-77.4,87.27
440,4.34,0,2.23,77.5,19.5,76,71,10.3,10,66,73,27,57,255,153,89.24,-69.23,35.56,87.16
441,2.56,2.46,3.2,54.6,10.9,76,77,11.1,12,162,72,24,122,128,94,52.27,-8.38,17.76,19.77
442,1.67,0.76,0.5,49.3,16.7,66,62,10.9,10,98,89,14,174,216,236,84.05,-9.25,-14.3,38.07
443,1.15,4.32,3.91,69.5,18.3,62,43,10.3,10,261,76,16,193,23,47,41.47,63.03,33.53,71.9
444,3.53,0.23,0.92,43,16.6,61,51,11.1,11,185,92,24,56,238,202,85.12,-52.45,4.75,63.3
445,3.99,4.09,4.9,71.4,18.5,77,89,10.1,10,185,75,15,64,62,25,25.58,-5.12,22.73,33.75
446,1.33,2.02,4.69,48,19.5,72,70,11.5,10,77,90,13,189,156,20,65.47,0.25,66.05,67.84
447,3.27,3.66,3.06,65.8,18.5,72,51,10.5,9,99,79,13,113,88,121,41.01,16.75,-14.73,24.05
448,4.22,4.12,2.09,77,12.7,61,34,10.8,14,236,78,19,39,37,149,23.42,38.89,-60.45,76.64
449,1.92,4.74,2.09,60.2,16.3,63,32,11.3,13,75,87,25,149,0,144,34.81,65.04,-38.17,76.93
450,0.62,0.23,0.39,60.5,13.5,68,45,11,9,60,72,27,229,241,236,94.15,-4.87,1.04,44.43
451,0.9,2.91,1.97,57.8,18.7,69,50,10.6,15,259,76,15,214,110,157,59.79,46.13,-6.6,47.62
452,2.51,3.69,4.41,78.8,19.5,65,78,10.3,10,199,71,15,137,71,36,37.76,25.16,32.88,43.17
453,2.47,4.77,0.92,40.2,12.6,68,67,11.3,15,146,91,14,121,0,202,34.66,71.63,-73.37,103.68
454,2.42,0.56,3,73.2,13.3,73,54,10.4,13,53,77,27,129,221,101,80.36,-49.41,49.83,76.46
455,3.63,1.97,0.98,46.3,18.9,73,87,10.1,15,70,86,25,73,153,209,60.6,-7.11,-35.91,38.11
456,1.75,0.03,3.21,48.3,18.2,67,81,10.1,9,142,74,12,173,250,101,90.87,-47.12,62.49,88.29
457,2.69,1.67,0.53,40.1,14.7,70,88,10.7,8,125,88,13,135,184,236,73.21,-2.88,-30.99,38.82
458,1.25,1.32,4,42,15.2,68,49,10.2,12,85,95,22,190,186,37,73.68,-14.57,68.78,74.19
459,0.17,1.17,0.9,69.2,14.6,74,51,11.4,10,279,70,19,242,192,212,82.56,20.95,-3.15,38.85
460,1.1,4.5,0.48,71,19.2,75,64,10.3,9,97,76,17,202,41,233,51.87,81.71,-62.58,102.94
461,1.25,1.8,3.33,72.8,12.8,71,74,11.4,10,255,84,18,190,167,80,68.87,-2.38,47.28,50.96
462,0.5,4.14,0.43,60.7,12.2,65,77,11,12,73,88,28,232,60,232,58.24,82.16,-51.55,97.34
463,2.18,3.33,3.61,65.4,13.6,77,38,10.1,9,61,94,21,147,85,72,43.02,24.27,18.67,31.41
464,0.71,0.17,0.22,61.2,16.1,62,73,10.3,14,171,94,24,221,249,246,95.9,-9.62,-1.64,46.93
465,2.62,2.54,0.18,56.5,18.3,79,72,10.6,8,61,86,14,144,147,246,64.52,23.08,-49.97,56.93
466,0.31,0.9,4.08,59,14.8,71,43,10.4,15,75,81,22,242,203,39,82.77,-0.82,77.83,84.45
467,3.17,1.67,3.6,56.6,11.5,69,71,11,10,291,82,19,97,175,81,64.8,-42.47,40.42,60.47
468,0.53,3.24,4.36,72.5,12.7,77,32,10.7,13,295,86,29,232,89,37,56.53,53.1,55.85,77.34
469,3.12,0.11,0.99,45.7,13.5,79,86,10.1,14,122,76,14,93,247,202,88.5,-51.07,9.7,64.69
470,4.81,3.88,0.8,70.9,14.3,70,80,10.8,13,147,83,28,31,75,214,38.16,38.05,-74.83,84.78
471,3.14,4.04,4.3,66.5,14.6,61,79,11.3,8,188,80,15,95,47,34,25.51,20.44,18.1,36.68
472,4.91,1.28,3.36,79.7,10.4,68,81,11.5,14,71,76,16,6,188,85,67.02,-61.96,40.7,76.06
473,3.63,2.56,4.44,49.6,10.4,73,82,11.4,11,100,90,23,65,127,24,47.45,-37.98,45.81,59.56
474,3.58,4.84,2.49,61.9,17.4,73,62,11.4,8,153,84,24,76,12,131,21.72,49.05,-51.88,76.79
475,0.97,1.28,3.91,67.9,18,70,46,10.6,11,122,89,13,209,191,75,76.88,-7.21,58.88,65.13
476,0.25,0.99,3.11,73.3,12.5,74,46,10.4,14,204,88,19,240,205,88,83.39,-0.6,61.12,69.65
477,4.94,1.95,1.6,67.3,12.6,74,53,10.5,11,117,88,28,24,160,175,60.27,-28.03,-17.41,34.56
478,2.25,2.19,4.07,66.6,11.3,70,51,11.1,10,71,74,16,139,143,45,57.39,-14.33,49.31,51.88
479,4.85,3.89,4.7,60.9,11.8,72,49,11.4,13,259,74,16,0,43,0,13.99,-24.91,20,48.14
480,4.33,0.47,4.89,72.3,16,75,60,11.4,12,187,83,27,32,235,3,81.69,-79.44,78.14,115.85
481,0.92,0.62,2.33,45.6,12.6,60,37,10.2,11,222,76,26,198,222,117,84.76,-23.74,48.53,64.24
482,4.73,2.04,3.63,53.3,15.7,63,35,10.5,15,136,92,13,7,152,63,54.93,-53.42,36.91,65.12
483,3.05,1.36,4.17,65.9,13.5,66,54,10.4,14,105,85,16,89,179,30,65.32,-50.81,60.86,80.75
484,4.7,0.65,0.87,68.7,10.2,61,57,10.4,15,99,87,22,0,216,207,78.23,-45.05,-8.04,53.77
485,0.87,2.45,2.64,55,19.8,78,38,10,14,132,72,26,209,127,117,61.67,30.6,18.98,37.85
486,2.75,0.06,0.04,78.1,20,70,86,10.8,14,139,90,22,135,255,250,93.26,-35.01,-8.1,56.24
487,1.67,4.27,2.02,77.4,18.8,63,86,10.5,8,155,86,25,183,73,170,49.18,56.32,-30.76,64.18
488,1.98,0.47,1.2,45.2,12.9,61,56,10.2,13,250,88,22,144,224,189,83.4,-32.09,9.45,47.27
489,2.77,3.21,5,48,17.7,66,60,10.7,9,196,79,17,125,102,14,44.08,0.53,47.53,47.9
490,0,0.12,1.11,45.6,18.5,61,50,11.3,13,267,75,13,250,251,189,97.22,-9.92,29.71,56.66
491,1.06,2.51,2.24,63.6,15.6,74,68,11.5,13,210,91,24,204,119,136,59.72,35.2,5.27,36.9
492,4.68,4.94,3.1,51.6,17.2,65,38,10.3,9,289,76,21,0,0,82,5.5,33.36,-46.76,72.66
493,2.52,2.59,3.85,47,19.3,67,68,11,11,192,73,22,132,128,70,52.72,-7.25,31.87,32.8
494,1.38,2.36,1.9,70.4,13.7,61,34,10.8,11,224,93,30,184,134,153,61.26,22.08,-2.54,24.92
495,2.13,0.52,4.32,69.8,11.4,73,67,10.1,11,256,81,26,138,230,27,82.95,-55.05,77.56,100.66
496,1.36,4.7,4.47,73,16.6,71,60,10.8,11,86,81,15,193,41,51,43.01,58.95,32.9,67.87
497,0.47,0.21,3.23,56.8,18.6,75,42,10.4,12,75,89,16,234,247,86,93.75,-23.95,72.72,88.18
498,0.26,3.49,3.33,48.6,19.6,67,62,11,9,233,82,25,245,88,96,59.2,60.48,28.6,67.53
499,2.92,1.53,3.27,76.2,14.2,61,65,10.5,14,224,86,30,106,175,97,65.42,-37.46,33.23,52.4
500,1.76,0.05,1.4,43.3,10.4,74,51,10.6,10,192,91,13,168,251,183,92.01,-38.6,24.8,62.21
501,4.57,3.24,3.96,74.5,18.8,76,60,10.9,15,254,89,30,35,99,69,37.32,-28.23,11.14,32.89
502,3.87,1.36,3.09,42,17.5,69,62,10.2,12,267,87,22,45,176,87,63.59,-54.18,35.6,66.24
503,3.7,3.88,2.6,60.3,10.9,67,78,10.8,10,90,70,24,82,77,136,35.75,17.43,-32.33,39.4
504,4.05,4.21,0.87,54.6,10.9,72,35,10.5,11,243,90,26,48,37,207,30.53,57.96,-83.35,103.37
505,0.46,0.22,2.37,42.7,14.2,65,53,11.1,11,167,83,18,230,242,129,92.54,-19.88,52.82,70.67
506,2.61,2.89,2.2,73.6,17,77,49,10.8,9,290,87,26,129,123,152,53.06,8.41,-14.76,17.26
507,2.69,1.67,4.78,74.2,15.8,66,32,10.8,10,74,83,22,128,182,33,68.13,-38.47,63.3,76.26
508,1.24,3.43,0.65,74.3,16.6,77,79,11,10,244,91,10,201,99,224,58.72,58.78,-46.58,75.5
509,2.85,2.95,3.07,70.5,16.2,64,49,11.1,10,235,81,15,104,95,96,41.17,3.79,0.73,9.64
510,4.87,1.03,4.61,68.3,11.9,77,32,10.2,14,125,75,11,0,197,10,69.44,-70.76,67.4,99.64
511,3.33,4.78,1.26,45.7,14.8,65,54,11.2,13,145,71,11,75,0,182,26.37,63.54,-75.47,101.45
512,2.24,0.95,0.7,41.5,18.2,60,57,11,14,280,78,15,141,205,214,78.57,-18.06,-10.95,35.53
513,3.2,4.19,0.47,73.7,10.4,80,52,10.4,12,259,79,25,90,36,227,35.95,66.94,-85.81,109.73
514,2.82,3.62,0.81,52.4,18.5,64,50,11.5,10,50,73,12,115,69,215,42.47,52.44,-68.12,86.3
515,1.9,1.67,1.91,76,13.1,62,32,10.9,11,208,87,21,155,174,155,69.19,-10.29,7.53,23.04
516,3.03,4.46,2.65,66,11.1,62,75,10.5,13,68,85,27,106,46,133,31.14,41.59,-37.65,59.19
517,3.2,0.62,3.36,42.4,19.7,74,79,10.3,8,126,92,26,102,223,87,79.78,-59.34,55.14,86.3
518,3.73,1.58,1.7,40,11.5,76,62,10.6,11,91,89,29,71,177,176,66.46,-30.2,-8.58,35.45
519,4.65,0.2,1.71,48.5,10,67,86,10.4,12,120,79,12,8,244,165,85.74,-66.23,24.75,79.22
520,1.82,1.43,0.23,70.9,18.3,75,69,10.7,15,163,77,23,174,190,242,77.42,5.98,-27.55,39.33
521,2.44,1.07,4.52,68.2,13,72,43,11,8,142,90,25,142,200,39,74.32,-40.84,67.54,82.59
522,3.64,2.51,3.03,67.1,12.1,63,46,10.6,9,272,86,11,74,127,102,49,-23.81,8.12,25.18
523,3.4,4.45,1.87,61.7,15.8,62,75,10.1,9,289,70,13,72,18,154,24.14,52.49,-62.23,85.42
524,0,4.01,4.71,55.7,17.2,64,74,10.1,14,279,74,28,255,30,0,54.23,77.23,67.56,102.7
525,3.8,1.47,3.23,75.1,16,71,72,11.4,12,162,72,23,65,185,96,67.02,-52.56,35.45,65.64
526,3.58,4.41,0.33,57.2,12.6,77,80,10.1,15,104,92,20,72,31,238,35.06,70.14,-93.58,117.9
527,4.38,2.57,2.27,47.6,10.7,77,57,10.2,13,280,86,29,5,115,125,43.91,-23.01,-13.24,27.24
528,1.88,3.13,0.26,67.1,11.1,63,68,11.3,8,267,94,21,150,85,237,50.8,56.65,-66.9,87.67
529,2.22,1.84,2.89,54.6,18.4,64,85,11.3,10,197,88,28,140,158,108,62.6,-15.28,24.09,31.19
530,1.32,3.26,5,60,14,60,62,10.5,11,146,77,14,193,95,11,51.32,35,57.66,67.46
531,4.99,4.08,1.89,68.7,19.1,78,74,11.2,9,128,83,14,16,63,169,30.71,27.83,-60.66,69.47
532,4.1,0.46,1.35,57.5,18.1,67,66,10.1,14,98,93,21,35,227,183,81.13,-54.56,8.98,63.45
533,1.87,0.74,4.22,58.6,13.1,60,87,10.2,9,192,95,26,161,218,34,80.65,-41.7,74.73,90.9
534,0.7,3.22,0.23,52.1,10.7,73,50,10.3,11,294,79,15,213,78,240,57.93,73.59,-56.69,93.23
535,1.44,1.99,3.49,67.3,14.6,68,77,11.1,12,215,87,10,183,150,79,63.71,3.7,41.59,43.95
536,0.11,4.64,4,65,19.7,73,59,10.4,9,228,86,17,250,21,58,53.14,78.12,43.27,89.36
537,3.16,3.61,4.16,62.8,18.1,63,69,11,9,195,77,21,110,88,67,39.07,5.8,15.61,19.92
538,1.66,4.75,0.25,48,17.5,69,73,10.1,12,201,89,19,166,4,246,45.43,84.51,-80.62,116.89
539,2.67,4.22,1.44,65.8,13.2,66,72,10.9,10,285,77,19,123,53,183,38.16,53.63,-56.49,78.79
540,2.32,2.39,3.32,56.3,14.2,71,32,11.1,8,281,90,16,133,126,77,52.34,-4.92,27.61,28.14
541,3.57,0.43,2.45,41.6,13.3,80,65,10.8,15,108,82,13,84,235,139,83.53,-60.58,35.11,77.63
542,0.69,0.05,1.52,50.4,10.8,69,47,10.7,13,196,93,25,220,254,171,95.6,-24.58,36.18,63.19
543,3.11,1.64,2.72,54.6,17.4,71,89,10.9,11,262,87,24,115,183,134,68.92,-32.13,18.28,41.53
544,0.51,3.92,2.13,78.6,15.4,73,69,11.3,12,235,77,12,232,53,148,53.86,73.25,-9.87,74.01
545,2.1,4.49,0.37,74.5,18.1,66,68,10.1,13,209,82,28,150,21,239,43.14,79.44,-80.51,113.31
546,1.62,4.43,2.1,52.8,11.9,77,62,11.1,9,58,84,12,172,31,147,40.99,64.88,-29.95,72.02
547,1.01,1.69,0.11,47.5,16.6,71,50,10.3,8,220,74,18,201,165,245,73.49,28.42,-35.04,50.87
548,0.12,1.17,2.76,69.5,19.9,78,80,10.1,14,70,81,15,251,204,124,84.56,7.09,45.87,57.87
549,1.66,0.84,0.84,50.4,17.5,76,61,10,14,278,88,16,170,214,214,82.64,-14.27,-4.73,35.94
550,2.46,1.63,0.02,55.3,10.2,61,61,10.7,11,114,78,23,134,177,254,72,5.8,-42.6,48.29
551,1.03,1.5,2.79,78.4,13.8,80,59,10.4,13,69,82,27,206,178,119,73.74,2.05,33.86,41.4
552,1.81,4.8,0.76,61.9,11.8,78,36,10.9,13,245,79,17,164,14,217,43.09,77.96,-67.99,103.67
553,0.03,2.17,0.21,50.5,12.3,68,42,10.5,10,56,74,18,249,151,244,75.33,50.12,-31.26,64.27
554,0.25,0.86,0.94,48.8,17.6,73,45,11.4,14,221,95,21,237,209,206,86.04,9.26,5.07,37.55
555,0.42,1.4,4.64,68.3,19.6,76,37,10.7,9,205,81,14,234,189,45,78.51,3.16,72.26,77.75
556,1.51,0.54,3.42,69.3,15.3,70,62,10.1,11,111,74,27,175,225,77,83.7,-37.36,64.52,81.82
557,3.7,0.89,4.84,58.5,15.2,64,50,10.1,9,111,89,28,59,208,3,73.58,-68.43,71.77,101.93
558,1.64,3.4,2.75,77.8,12.2,61,76,10.6,11,117,71,15,177,98,124,51.31,35.01,-0.33,35.04
559,4,1.5,4.51,71.6,11.9,68,59,11.3,10,125,93,28,48,179,15,64.08,-61.14,62.46,88.53
560,0.4,0.7,2.76,68.6,13.4,60,84,11,12,293,89,26,232,225,117,88.11,-11.84,53.17,66.48
561,1.26,1.88,2.52,66.2,11.1,69,85,11.4,14,162,75,30,193,157,120,67.13,8.19,24.4,30.92
562,2.48,3.21,1.81,47,18.4,64,66,10.9,13,90,87,27,135,99,164,47.95,27.36,-29.6,40.36
563,3.54,1.02,2.5,56.7,11.9,77,35,10.9,13,141,78,29,82,204,133,73.98,-50.06,25.5,61.08
564,4.88,4.94,4.89,56.2,14.4,62,44,10.7,14,104,86,17,12,10,13,2.93,1.01,-1.04,47.09
565,2.94,3.81,3.67,65.9,18,66,87,11.1,8,251,74,25,112,63,77,33,23.26,0.86,28.82
566,4.64,4.05,1.7,59.8,18.1,78,87,11.2,13,166,91,20,22,58,170,29.66,31.91,-62.97,73.47
567,0.92,3.54,0.76,44.8,16.6,70,69,10.3,13,244,95,17,203,58,219,52.77,74.88,-53.19,91.89
568,4.45,1.21,2.61,63.1,15.9,75,62,10.7,9,261,71,13,53,204,139,73.42,-53.85,21.47,62.52
569,0.06,1.19,1.73,72.9,18.1,72,33,10.6,12,269,92,19,251,194,174,82.99,17.66,17.92,41.49
570,0.85,2.1,2.58,79.4,10,79,59,11.2,10,89,79,22,218,156,125,69.59,19.35,25.41,37.47
571,2.67,0.28,4.24,75.9,18.7,71,38,11.4,10,249,85,13,113,243,35,85.87,-67.04,78.18,109.06
572,1.06,1.85,0.54,67.4,12.5,76,39,10.6,13,229,70,10,200,164,228,72.52,25.02,-27.3,43.34
573,1.21,1.97,2.34,58.9,13.8,65,71,11,11,238,83,15,199,161,145,69.24,11.63,13.63,26.29
574,3.61,4.96,3.8,51.3,13.1,77,66,10.4,13,111,84,23,67,0,57,12.54,35.94,-17.26,54.71
575,1.37,0.08,3.77,55.2,17.8,67,88,10,13,55,80,12,190,251,71,91.86,-43.6,75.23,96.5
576,0.6,2.42,2.87,51.1,14.8,70,82,10,8,128,83,26,223,133,109,64.62,32.07,27.72,44.84
577,3.45,2.67,2.94,74.2,14.9,60,64,10.4,13,290,86,14,67,110,91,42.91,-19.65,5.93,21.72
578,4.52,4.66,1.06,74.9,11.6,60,68,11.2,14,199,76,30,6,0,195,23.6,64.75,-87.92,112.34
579,2.53,1.88,2.3,66.9,16.8,71,80,10.1,11,123,86,21,126,157,142,62.08,-13.91,4.3,18.92
580,2.5,3.23,4.57,71.4,17.5,75,84,10,12,274,71,25,133,93,30,42.63,10.23,40.73,42.64
581,3.48,3.08,2.07,75.7,17,74,51,10.9,13,162,85,25,97,112,156,47.66,5.77,-25.6,26.35
582,1.73,2.83,4.8,53.9,19.5,74,36,10.5,9,53,84,19,180,123,36,56.09,14.79,53.05,55.41
583,1.45,2.63,3.6,42.3,16.5,79,31,11.4,11,268,82,23,173,110,59,52.24,20.15,38.21,43.26
584,2.21,3.69,4.86,44.8,11.7,60,52,10.8,13,158,93,18,136,62,3,35.38,28.64,44.87,55.2
585,2.26,1.35,2.03,66.9,18.6,71,75,10.6,11,235,93,14,147,195,165,74.79,-21.92,10,34.57
586,2.46,3.98,1.98,63.2,18.4,67,44,10.5,15,114,74,19,133,59,164,39.23,48.72,-43.39,66.12
587,0.01,4.81,2.49,79.9,10.1,72,37,11.2,12,84,81,30,253,0,124,54.39,83.82,5.71,84.13
588,4.85,0.99,4.74,69,10.5,73,40,10.7,13,62,75,12,27,208,29,73.17,-71.77,67.58,101.27
589,0.94,1.55,2.27,64.8,18.8,62,35,11.5,8,102,92,11,209,177,140,74.12,6.23,23.26,34.08
590,4.23,3.09,1.99,78.8,17.4,69,39,10.9,13,145,92,27,57,108,164,44.62,1.16,-35.22,35.65
591,0.2,0.33,0.2,72.2,17.2,61,84,10.7,13,144,89,27,245,245,247,96.59,0.35,-0.96,46.6
592,4.09,3.74,0.35,58.4,13.2,62,86,10.6,12,91,82,26,65,79,236,42.41,46.16,-80.32,92.95
593,3.89,2.35,2.84,49.3,15.4,69,34,10.1,13,246,74,15,29,126,94,46.96,-35.45,9.7,36.88
594,4.11,4.42,3.97,77.1,14.4,64,45,11,12,103,90,22,58,46,66,21.01,10.02,-10.5,32.42
595,1.92,4.26,4.91,60.1,11.3,70,76,10.5,13,173,89,20,163,45,17,37.31,47.13,43.41,65.32
596,4.93,0.59,0.75,52.5,10.9,66,64,10,10,193,81,16,0,220,218,79.75,-43.6,-11.66,54.06
597,3.65,0.43,4.78,42.3,19.5,77,46,11.5,8,290,73,27,65,230,3,80.58,-74.02,77.44,111.4
598,0.45,0.69,4.79,52,11.5,76,60,10.7,11,200,92,29,234,220,23,86.38,-13.12,83.55,92.07
599,2.69,2.55,2.94,66.7,18.4,71,48,10.9,9,152,94,17,132,142,121,57.69,-7.67,9.97,14.74
600,1.46,4.16,0.5,63.6,10.1,70,77,11.3,13,58,77,22,177,42,227,47.69,76.27,-66.13,100.97
601,0.39,0.61,0.21,55.1,16.3,63,60,11,8,96,90,18,233,232,246,92.44,2.89,-6.64,43.05
602,2.33,2.73,4.1,41,18.2,77,44,11,10,82,89,11,152,129,62,54.79,0.33,38.98,39.27
603,2.79,4.79,1.05,75.9,19.4,63,58,10.2,12,153,75,21,109,6,196,32.63,68.38,-73.26,101.71
604,4.45,3.76,4.96,73.5,12.5,65,59,10.5,11,57,73,25,51,84,23,32.05,-23.71,30.65,42.71
605,2.54,4.13,2.72,61.8,13.6,68,55,10.1,14,225,90,21,110,31,101,27.39,43.1,-23.24,53.93
606,2.65,0.82,0.36,46.2,15.4,79,31,11.4,12,73,72,26,118,213,239,80.55,-21.24,-21.44,42.94
607,1.61,0.03,0.57,51.7,16.5,72,68,11.4,9,177,84,25,169,255,224,94.03,-32.45,6.62,55.1
608,1.62,0.69,3.7,66.2,13.2,70,79,10.3,12,171,94,23,173,216,68,80.97,-34.62,65.09,79.96
609,1.04,1.01,2.28,70,17.3,68,34,10.5,11,112,74,26,208,205,147,81.39,-7.96,29.33,43.69
610,1.75,1.63,3.94,78,13.6,63,32,10.6,8,159,77,30,167,178,65,69.78,-18.99,54.53,61.04
611,0.48,1.86,1.09,52.2,15,71,44,11.4,10,148,88,22,229,157,200,72.86,33.14,-11.15,41.78
612,0.47,2.55,3.92,50,10.3,77,89,10.4,9,191,80,14,230,128,60,63.83,34.23,52.51,64.19
613,3.71,0.05,0.92,58.2,13.8,68,82,11.3,15,277,72,11,50,255,201,90.05,-60.01,12.32,73.19
614,3.86,4.14,0.37,54,10.1,60,77,10.4,14,80,84,12,50,29,235,33.03,68.94,-95.29,118.83
615,2.9,4.22,1.36,61.7,15.7,63,75,11.5,11,88,94,20,106,39,182,33.76,56.39,-63.16,86.21
616,2.3,3.11,3.02,58.2,14.6,64,39,10.6,12,254,87,19,139,90,97,43.75,21.17,4.34,22.5
617,0.21,4.89,1.93,62.4,18.7,72,89,11.2,11,286,73,13,248,12,158,54.76,84.77,-14.16,86.08
618,3.86,1.31,3.65,57.1,18.4,78,47,10,9,150,91,17,59,193,71,69.13,-59.89,49.75,80.17
619,0.26,3.04,1.78,48,19,67,66,11.3,13,237,89,20,239,88,157,59.68,63.99,-6.36,65.03
620,2.32,3.3,3.52,51.6,16,75,47,10.5,10,154,72,28,146,98,93,46.5,18.8,10.77,21.95
621,0.76,1.94,2.52,78.4,13.7,67,66,10.6,11,260,79,26,216,165,131,71.66,14.37,24.89,35.99
622,2.85,1.06,4.71,45.6,15.2,74,89,10.7,12,234,82,20,119,203,35,74.03,-50.43,67.87,87.9
623,1.19,0.31,2.3,50.6,10.5,79,64,10.3,12,202,86,14,196,235,135,88.4,-28.74,44.32,65.31
624,3.08,3.81,0.44,43.2,13.6,63,85,10.4,11,144,78,13,92,60,229,39.85,57.48,-80.49,99.43
625,3.44,3.72,1.9,47,13.8,74,83,10,12,111,83,21,82,69,156,34.9,28.65,-45.85,56.13
626,1.47,2.62,3.75,51.6,15,72,47,10.9,12,205,75,23,182,126,69,57.37,15.78,39.22,42.91
627,4.03,3.76,0.98,50.5,12.1,67,47,11.2,14,289,86,23,21,31,200,27.6,57.37,-84.18,104.3
628,4.05,1.84,0.25,58.8,18.4,76,89,10.3,12,137,71,26,54,162,246,64.38,-2.05,-50.46,52.51
629,4.39,3.67,2.82,68,14.9,75,63,10.6,9,68,87,16,66,94,133,39.34,1.25,-24.95,27.16
630,3.8,2.72,0.48,55.3,14.1,69,69,11.4,13,198,84,11,53,115,230,50.37,20.35,-64,67.16
631,2.97,1.06,3.14,71.9,12.1,73,45,10,12,173,81,17,93,195,92,70.96,-50.42,42.47,69.18
632,2.25,3.56,4.01,50.4,16.9,60,57,10.7,8,54,74,16,146,85,65,42.75,23.18,22.48,33.09
633,2.28,4.05,3.66,70,11.2,80,31,10.5,10,200,79,22,144,57,80,36.81,39,5.08,41.48
634,2.23,3.34,4.44,71.1,13,70,88,10.4,12,153,74,15,149,92,29,44.42,18.16,43.61,47.57
635,4.78,2.8,0.3,40.8,15,74,64,10.9,11,197,88,14,26,118,244,51.5,21.64,-70.02,73.3
636,0.37,4.65,2.06,68.1,10.4,62,62,10.1,9,112,86,25,241,13,148,53.09,82.32,-10.86,83.09
637,1.49,2.45,4.62,59.8,16.7,65,84,10.9,14,171,75,25,186,142,41,61.61,7.14,56.53,58.15
638,0.83,4.54,3.94,56.6,18.2,71,84,10,13,86,71,28,218,29,56,47.07,68.83,35.9,77.69
639,1.56,4.78,2.17,78.6,15.4,68,68,10.2,9,168,84,24,180,15,149,41.56,69.75,-30.17,76.46
640,0.76,3.03,4.26,60,19.4,71,79,10.3,9,128,87,27,222,111,51,59.11,39.4,51.52,65.5
641,3.54,0.23,2.55,65,10.3,71,36,10.9,15,210,94,17,67,244,118,85.6,-69.82,47.83,91.81
642,1.54,4.54,0.55,64.1,12.5,80,62,11,11,186,89,19,189,44,227,49.7,77.74,-62.79,99.93
643,2.23,4.89,2,66,11.9,76,35,11,9,223,75,22,145,16,155,35.51,63.9,-43.82,78.82
644,0.64,1.08,0.56,40.6,12.4,72,48,11.2,14,69,76,18,224,193,220,81.38,15.59,-9.37,36.27
645,1.5,4.76,1.85,70.4,10.4,62,74,11.5,10,276,91,11,171,4,158,39.94,70.5,-38.29,80.86
646,4.29,3.96,0.36,49.3,19.2,67,35,10.7,8,273,95,15,38,61,237,37.59,54.78,-88.87,105.13
647,3.83,0.1,2.38,61.6,18.9,65,34,11.3,9,57,81,29,59,249,129,87.12,-70.94,44.5,91.6
648,4.87,2.18,1.26,44.7,19.7,74,73,10,14,185,89,26,2,137,189,53.57,-11.95,-35.71,37.83
649,4.15,4.5,0.01,43.6,18.5,64,59,10.8,11,248,87,21,48,27,251,34.75,73.68,-101.48,126.33
650,4.07,3.96,0.37,50.8,16.1,61,33,10.2,11,84,90,22,35,33,240,33.42,68.46,-97.5,120.28
651,1.19,0.09,1.75,58.5,19.1,69,61,11.5,12,211,92,14,190,251,165,92.86,-34.39,35.22,65.27
652,3.26,4.36,1.7,63.1,18.5,74,77,11.1,13,262,86,18,91,26,164,28.49,54.67,-61.07,84.74
653,2.84,1.68,2.08,55.2,11.6,69,65,11.4,15,114,73,21,102,163,142,62.48,-24.66,4.7,28.03
654,0.28,3.29,1.36,45.7,13.8,79,56,10.8,13,172,81,22,246,101,186,63.71,64.1,-16.86,67.68
655,1.75,3.87,3.6,70.8,11.7,62,31,11,13,135,85,14,163,64,74,41.14,41.78,15.35,45.38
656,0.45,4.27,4.4,54.7,15.4,63,44,11,12,95,80,19,231,48,36,50.96,67.47,51.42,84.84
657,1.9,4.4,0.65,78.1,17.9,67,70,11.3,9,201,78,16,161,34,221,44.15,74.68,-68.57,101.55
658,1.86,4.01,0.74,78,17.2,64,70,11.1,8,285,73,20,157,52,221,45.42,68.66,-66.53,95.72
659,3.53,0.31,2.21,66.9,14.2,63,44,10.8,13,265,84,21,72,239,143,84.53,-63.39,34.37,79.95
660,1.92,3.12,2.3,63.4,16.1,72,63,11.2,11,85,74,12,155,101,142,49.77,28.31,-13.61,31.41
661,3.01,1.32,1.74,55,16.5,63,64,10.2,13,196,74,19,87,186,161,69.27,-35.15,3.88,40.27
662,0.5,4.47,2.22,55.7,16.6,72,50,11.3,14,267,90,16,228,12,128,49.88,77.87,-3.87,77.97
663,0.05,2.14,4.78,67.2,11.9,62,44,10.2,13,240,79,12,250,132,0,67.15,38.88,73.71,85.08
664,3.12,0.99,3.71,57.5,14.2,63,33,10.7,14,146,72,17,98,206,67,74.28,-55.97,57.36,83.74
665,1.3,1.62,2.15,57.6,18,64,78,10.1,11,193,88,17,190,172,145,71.21,2.18,16.27,26.82
666,4.33,4.39,1.06,58.9,14.8,69,83,10.5,15,59,93,21,53,49,203,32.4,51.24,-77.92,94.9
667,1.67,0.79,3.97,78.9,18,72,42,10.3,14,264,85,28,162,216,36,80.13,-40.38,73.86,89.41
668,4.69,2.86,4.32,76,16.5,77,64,10.2,11,125,88,25,21,110,41,40.36,-40.75,30.8,51.98
669,0.48,4.24,4.37,45.3,11,73,74,10.1,14,246,76,16,230,18,19,48.65,72.67,56.81,92.25
670,1.95,2.63,1.37,75.5,13.7,78,59,10.5,10,64,87,14,170,136,195,61.74,24.1,-25.8,37.21
671,4.89,4.18,3.56,47.1,16.5,79,54,11.3,12,230,79,23,0,34,63,12.63,1.16,-21.85,43.3
672,4.23,4.49,2.77,75.8,15.6,77,35,10.4,12,179,91,22,37,16,107,14.54,36.29,-48.45,70.16
673,1.68,3.3,3.51,61.6,12,71,68,11.4,14,136,88,23,167,77,69,44.17,36.38,22.54,43.19
674,0.11,1.27,0.28,58.2,14.7,75,37,11.3,14,76,85,26,247,188,243,83.03,30.04,-19,48.52
675,2.6,3.75,1.01,63.8,10,72,65,11.1,8,226,92,26,116,56,206,39.58,56.62,-67.66,88.84
676,1.66,0.4,4.37,59.4,15.6,74,62,11.2,13,280,90,12,164,239,22,86.84,-49.8,82.04,102.8
677,3.56,3.62,0.3,68.6,18.9,70,89,11.1,14,178,71,11,80,77,244,43.57,51.55,-82.89,97.82
678,1.34,3.42,2.34,70.2,12.9,71,42,10.4,13,86,91,19,185,77,131,48.59,49.3,-8.42,50.03
679,4.91,0.55,0.22,65.1,19.5,71,89,11.5,14,137,93,10,13,233,246,84.49,-40.77,-19.38,56.81
680,3.05,0.96,2.63,61.2,17.6,72,80,11.1,13,145,94,20,103,207,127,75.48,-47.42,30.73,61.99
681,4.1,1.35,1.45,64.6,18.1,80,78,10.7,14,52,93,11,78,194,194,72.29,-32.13,-9.75,40.3
682,0.61,2.96,2.45,78.1,17.4,71,71,10.5,11,57,70,17,227,132,146,65.68,37.97,8.48,41.95
683,0.15,2.37,3.06,72.7,14.8,64,56,10.4,14,173,77,27,243,130,90,66.34,39.9,40.76,59.33
684,1.32,1.15,4.88,76.6,15,61,55,11.4,9,211,85,14,184,197,0,76.15,-23.31,76.59,84.22
685,4.08,1.12,1.32,71.1,11.7,78,56,10.8,10,106,93,12,66,206,194,75.57,-39.59,-4.92,47.39
686,3.96,3.74,1.17,56.5,16.8,69,88,10.9,12,97,75,24,74,90,200,42.67,28.29,-59.32,66.13
687,1.14,3.05,4.25,70.8,16.6,78,49,11.4,11,294,93,18,192,99,35,52.12,33.03,50.4,60.3
688,1.64,4.85,2.68,49,16,79,55,10.7,10,160,91,23,178,29,132,41.24,64.72,-20.32,68.4
689,1.08,0.69,1.95,72.7,15.5,72,61,11.2,14,212,78,25,201,218,154,84.43,-16.25,29.68,48.27
690,0.96,3.3,2.48,48,10.2,70,38,10.7,10,111,86,28,207,91,133,54.5,50.06,-0.5,50.26
691,2.28,3.03,3.99,58.6,11,62,43,11.3,12,263,80,28,125,79,25,37.88,14.54,38,42.45
692,3.33,2.49,3.13,45.3,13.4,69,58,11.3,13,249,85,12,72,121,77,46.43,-26.55,19.06,32.88
693,0.35,2.06,3.34,54.9,15.5,61,85,10.1,14,104,94,18,235,143,80,67.94,29.43,47.51,58.7
694,2.9,4.15,1.54,56.1,15.6,79,71,11.1,12,245,84,21,103,44,175,33.52,52.05,-59.4,80.68
695,2.84,2.53,0.79,62.5,13,63,68,11.4,14,194,89,16,102,120,213,53.02,19.44,-50.04,53.77
696,1.94,0.36,1.46,75.7,15.8,66,50,10.6,12,190,85,25,160,236,186,87.49,-33.62,16.92,53.12
697,0.32,2.12,2.78,61.9,14.3,69,46,11.2,13,124,80,19,235,145,103,68.68,29.95,36.49,50.77
698,3.91,1.05,3.74,60.9,14.5,65,44,10.6,9,233,76,18,69,203,76,72.56,-60.88,51.5,82.87
699,2.36,3.58,3.78,47.1,11.4,77,85,10.9,12,186,78,11,149,88,81,44.18,24.34,14.86,29.11
700,0.84,0.13,0.82,70.1,18.6,62,86,10.6,12,254,73,27,218,250,213,95.19,-17.03,14.32,50.37
701,2.42,1.74,3.22,52,12.1,80,61,10.6,10,228,87,29,141,176,99,67.74,-25.24,35.53,47.05
702,1.44,0.99,1.81,78.6,10.7,68,82,10.6,13,203,77,23,191,208,169,81.32,-12.65,17.47,38.03
703,3.38,3.75,1.93,64.4,19.3,77,55,11.2,8,187,71,21,95,73,158,37.24,29.93,-43.24,54.11
704,4.69,0.36,0.84,40.3,12.9,62,76,10.6,10,209,90,15,26,234,208,83.76,-51.53,-0.42,61.61
705,4.17,1.07,1.04,40.5,18.6,68,57,11.1,9,259,94,19,34,193,201,71.35,-35.05,-15.08,43.72
706,2.05,3.75,0.04,46.2,19,70,65,11.2,12,124,73,17,146,65,252,48.16,68.78,-79.61,105.22
707,4.12,1.61,3.48,57.2,19.5,72,48,10.1,14,191,82,28,37,166,70,59.98,-54.33,39.58,67.96
708,1.54,4.44,2.8,46.4,12.5,63,55,10.4,10,175,91,27,167,6,94,36.28,61.89,-4.14,63.53
709,4.54,4.62,1.86,60.3,11.3,79,80,10.5,8,152,84,16,56,54,170,30.35,37.84,-61.77,75.06
710,2.84,4.11,1.14,59.1,11.7,73,72,11.5,11,266,79,14,105,42,190,34.76,56.99,-66.26,88.72
711,0.58,2.94,2.11,55.3,14.3,67,84,10.8,10,90,90,27,224,123,158,63.74,43.06,-1.19,45.21
712,1.3,4.79,3.97,40.7,14.2,71,75,11,8,189,71,23,190,30,69,41.7,61.84,20.12,65.56
713,2.13,0.23,2.43,55.7,11.2,68,87,10.7,11,118,93,17,151,240,140,87.38,-45.64,40.07,71.32
714,3.82,3.22,3.64,72.4,18.2,71,81,10.7,9,255,86,29,85,110,92,44.03,-13.21,7.06,16.12
715,1.26,4.97,0.33,60.1,15.9,69,33,10.7,14,271,84,14,190,3,239,48.57,86.26,-71.4,111.99
716,1.1,0.6,3.23,58.5,14.7,78,47,10.5,14,142,94,27,197,223,95,84.73,-26.59,58.57,73.1
717,4.88,3.65,2.73,71.3,17.9,64,66,11.2,14,108,77,12,1,67,115,27.46,1.43,-32.69,39.73
718,0.71,1.76,2.58,72.8,15.5,63,76,10.7,15,100,82,14,223,170,137,73.71,15.14,24.54,37.33
719,0.88,4.87,0.05,51.3,14,75,88,10.4,10,189,72,25,207,7,254,52.48,90.71,-73.32,116.66
720,0.09,2.64,1.31,48.4,13.3,73,75,11,12,175,86,23,255,125,192,69.28,56.72,-11.73,61.04
721,2.98,0.48,2.49,68.5,14.5,65,83,10.9,10,145,81,12,119,228,148,82.67,-48.45,29.62,65.51
722,3.03,0.04,3.07,66.1,10.4,74,90,10.5,12,245,73,18,118,251,111,88.92,-63.01,55.31,92.43
723,2.07,4.73,0.73,71.6,17.1,74,82,10.7,9,166,77,19,170,47,221,46.71,72.54,-64.35,97.02
724,1.99,0.12,2.42,67.1,12.3,68,42,11.4,13,266,86,18,143,248,115,89.02,-54.54,53.87,86.02
725,0.01,0.65,0.89,53.1,15.4,73,88,11.1,8,103,89,29,255,224,217,91.5,9.56,7.34,43.21
726,0.56,0.96,3.76,64.4,19.7,68,37,10.5,15,126,82,20,229,207,67,82.75,-7.37,68.63,76.4
727,3.21,4.66,4.19,57.5,16,66,74,10.6,15,83,90,25,103,29,54,23.77,35.12,2.56,43.91
728,1.98,4.79,1.21,46.2,15.3,79,88,10.1,10,262,78,26,158,12,190,40,72.55,-57.38,93.04
729,3.04,1.14,3.51,57.2,14.6,77,77,11.4,12,265,72,10,97,196,77,71.25,-51.48,49.82,74.72
730,0.97,4.78,1.88,43.4,13.2,75,47,10.5,13,140,85,18,206,19,166,47.42,76.52,-30.85,82.55
731,0.02,4.54,4.2,59.5,18.2,66,35,10.7,8,187,71,22,255,38,58,55.03,76.79,45.58,89.44
732,4.61,2.58,0.45,43,19.6,79,57,11.1,10,141,76,15,24,128,235,53.63,11.84,-61.57,62.8
733,0.57,4.92,0.81,51.1,17.2,61,39,10.7,10,71,90,29,225,18,216,53.39,86.72,-50.3,100.31
734,1.86,1.87,2.59,66,17.4,62,57,11.1,10,85,82,26,161,159,125,64.85,-5.05,18.06,23.92
735,0.09,1.49,1.19,45.4,15.4,64,45,10.3,13,258,89,19,248,172,184,77.83,29.46,5.17,40.85
736,0.01,0.76,0.68,59.6,14.8,69,79,11.2,12,200,88,29,254,217,214,89.65,12.37,6.25,42
737,0.48,1.24,4.01,74.7,10.9,64,52,10.5,14,256,89,28,229,188,44,77.76,1.5,71.72,76.92
738,3.2,2.91,0.39,49,18,67,89,11.3,10,217,89,22,90,111,240,51.65,31.42,-67.45,74.43
739,0.6,4.75,4.68,64.5,19.1,67,65,10.8,9,225,76,29,226,38,38,49.13,68.58,48.44,83.97
740,1.84,4.32,3.77,48,18.6,77,33,10.6,12,125,86,12,169,52,71,40.16,48.88,16.09,52.39
741,2.18,4.97,2.59,46.9,14.8,70,62,10.4,15,84,92,15,137,0,115,30.78,58.68,-26.57,67.22
742,1.79,2.74,1.56,57.8,15.1,60,88,11.5,9,183,92,13,167,113,177,55.28,32.35,-25.52,41.54
743,2.55,3.01,3.64,74.5,19.4,61,30,11.2,12,156,82,12,116,96,55,41.78,2.33,26.3,27.65
744,4.9,1.16,2.92,73.2,12.6,62,30,10.9,9,66,86,12,18,203,117,72.31,-61.08,31.39,72.21
745,1.51,3.19,2.18,44.2,11.6,61,81,11,9,61,93,22,180,104,156,54.03,37.71,-15.11,40.82
746,4.98,0.79,2.72,52.6,12.1,71,73,10.4,12,128,80,11,1,218,116,76.92,-66.92,37.82,81.45
747,2.23,3.09,2.33,48.6,12.9,73,66,10.1,11,169,88,20,142,93,133,46.01,26.63,-14.1,30.4
748,2.7,4.55,4.06,45.9,10.6,75,40,10.5,11,246,93,17,115,21,44,24.84,41.19,11.28,49.57
749,4.32,0.18,0.36,61.2,16.6,70,31,10.5,14,146,86,30,40,242,235,86.97,-46.73,-9.86,60.4
750,3.1,4.08,3.09,44.7,17.4,77,83,10.6,10,178,89,23,119,75,111,38.03,24.7,-13.05,30.39
751,4.89,4.03,4.39,53.2,16.9,70,49,10.1,13,122,80,29,0,42,19,13.84,-21.1,11.07,43.3
752,3.23,4.44,2.53,61.9,17.6,75,43,10.1,10,246,74,30,83,18,121,22.49,46,-44.24,69.5
753,4.75,1.49,2.43,42.2,19.7,71,72,10.7,8,230,81,15,37,184,145,67.06,-46.4,9.34,50.31
754,1.88,1.2,0.95,63,15.3,74,86,10.5,15,219,90,27,169,202,207,79.14,-9.89,-6.16,31.38
755,0.87,1.12,4.05,72.9,14.6,68,60,10.4,11,83,74,28,207,196,50,77.86,-11.87,69.2,75.54
756,1.92,2.78,1.49,63.3,11.2,73,60,11,12,282,84,20,161,123,180,57.11,25.36,-24.47,35.95
757,2.86,3.72,2.59,73.1,18.6,60,81,11.3,15,265,94,29,105,55,111,31.54,31.6,-23.21,43.34
758,3.12,4.84,4.25,72.4,19.4,78,34,11.2,8,169,76,25,100,19,43,21.4,37.07,6.74,47.3
759,0.33,4.19,2.3,73.7,13.9,64,35,11.5,12,78,72,28,239,27,133,52.77,78.99,-2.4,79.07
760,4.51,1.31,4.83,56.4,12.2,63,31,10.3,10,157,91,23,0,180,0,63.87,-66.35,64.04,93.25
761,2.31,0.01,4.52,57.5,12.4,72,31,10.3,10,185,71,27,127,252,5,88.99,-66.96,84.71,114.8
762,4.86,0.51,4.68,52.8,17.9,64,57,10.2,8,116,76,11,13,231,21,80.34,-79.14,75.14,113.27
763,2.62,3.37,0.89,64.5,19.9,69,53,10.5,14,115,93,23,135,96,211,49.76,40.83,-53.95,67.66
764,2.98,4.48,1.73,61.3,13,71,83,11.4,14,233,72,25,92,21,166,28.29,56.86,-62.62,87.32
765,2.01,2.13,4.48,69,19,68,48,10.5,11,64,80,21,162,154,47,62.51,-9.83,54.29,56.57
766,2.2,1.84,4.79,45.7,10.2,66,53,10.7,9,125,72,27,151,165,17,64.59,-21.46,64.5,69.52
767,3.36,2.06,3.14,56.3,10.3,68,62,11.4,11,295,82,20,65,136,83,51.1,-34.66,21.82,40.97
768,2.17,0.92,0.74,48.3,14.2,68,49,10.6,9,73,94,23,151,206,218,79.49,-14.85,-11.66,35.02
769,1.07,0.25,1.06,58.7,11.4,69,55,11,10,82,92,16,206,242,204,92.12,-18.64,14.5,48.29
770,0.4,1.53,0.99,45.8,18.6,69,63,10.8,14,230,90,13,235,180,209,78.99,24.4,-6.87,38.51
771,1.6,0.53,1.36,65.1,13.1,66,48,10.2,11,254,94,26,168,229,181,85.86,-28.77,17.29,49.12
772,1.17,3.14,1.34,77.9,10.5,78,71,10.3,10,88,77,24,197,103,190,57.36,49.44,-29.48,58.03
773,4.24,1.31,1.84,78.7,16.9,77,52,10.3,13,241,73,30,40,188,160,68.72,-43.95,3.49,47.9
774,1.37,1.26,4.58,52.4,17.6,67,40,10.1,11,257,74,28,179,187,0,72.97,-20.54,74.08,80.23
775,2.68,0.14,2.77,45.2,18.3,75,84,10.3,12,163,88,27,123,247,119,88,-59.27,50.63,86.72
776,1.94,0.77,4.53,59,15.3,77,53,11,11,115,87,20,160,222,50,81.81,-43.2,71.65,89.51
777,2.59,2.89,1.31,52.9,11.4,60,75,11.1,13,194,84,17,111,90,186,44.57,31.65,-47.98,57.73
778,0.35,4.72,1.88,65.8,15.7,72,59,10.5,10,267,75,10,235,36,167,53.73,79.89,-21.25,82.75
779,0.38,1.19,3.56,66.3,14.1,72,76,10,13,120,85,13,234,198,71,80.93,-0.46,65.43,72.37
780,2.44,4.34,0.8,76.7,17.4,67,43,10.5,12,296,91,16,139,42,216,41.38,68.12,-70.36,98.31
781,2.35,1.83,0.02,79,19.9,61,41,10.3,11,298,88,22,124,158,255,66.49,14.67,-51.86,56.36
782,0.93,4.79,1.69,45,17.1,77,57,10.3,12,258,92,21,204,0,160,46.15,77.21,-29.29,82.67
783,2.25,4.23,3.96,73.1,15.9,60,50,10.1,13,134,85,29,133,22,42,28.72,46.23,18.43,54.13
784,0.29,2.29,2.16,41.1,17.1,75,55,11,9,193,72,14,244,151,154,72.03,35.21,13.29,43.61
785,3.66,4.77,1.17,54.4,16,60,42,10.7,12,74,79,16,74,18,201,29.67,64.52,-81.21,105.69
786,4.93,0.08,3.88,41.5,15.1,77,54,10.7,10,276,74,11,14,253,69,87.37,-82.55,69.76,114.36
787,1.7,2.35,3.67,73.7,11,77,56,10.6,10,62,79,16,183,147,86,63.02,5.94,37.16,39.82
788,3.71,2.02,3.55,57.6,16,69,58,10.7,13,221,93,18,70,158,83,58.4,-42.8,31.29,53.68
789,2.33,1.77,1.53,75.8,13.1,80,46,10.4,13,182,88,24,129,168,177,66.4,-11.05,-8.94,21.7
790,4.9,3.24,4.89,45.6,14.9,79,56,10.8,13,284,89,14,8,99,11,35.98,-41.56,38.58,58.41
791,1.64,4.88,1.18,55.8,19.5,66,68,11.4,8,198,85,24,168,5,199,42.09,76.3,-59.17,96.88
792,4.43,0.8,4.65,63.1,15.4,78,43,10.5,14,232,82,26,39,215,32,75.53,-72.5,69.08,103.34
793,0.79,3.07,4.45,41,15.2,76,46,10.2,10,200,74,13,209,93,18,53.42,42.42,58.54,72.37
794,1.21,3.05,1.1,70.7,15.4,76,58,10.8,10,159,92,30,198,117,207,60.99,45.67,-33.48,57.68
795,0.75,1.56,1.9,52.8,11.6,68,36,10.7,10,195,73,25,222,180,161,76.53,12.41,15.43,33.1
796,0.03,0.76,2.98,58.2,13.8,72,44,11.1,11,257,94,19,249,215,87,86.72,-2.03,65.36,75
797,1.13,2.08,2.49,59.9,12.6,75,81,11.2,8,299,86,13,194,147,124,64.8,14.57,19.04,28.18
798,2.01,1.49,3.7,47.2,10.2,60,70,10.2,12,242,90,10,142,171,47,65.81,-27.1,57.02,65.08
799,4.95,1.45,1.99,52.3,18,75,55,10.2,9,69,72,18,6,180,158,65.86,-43.26,0.41,46.08
800,2.3,4.23,2.17,49.8,18.5,66,83,10.5,13,110,90,18,145,54,156,39.68,52.33,-37.77,65.36
801,4.24,0.42,3.87,58.5,18.8,75,64,10.1,8,61,70,22,56,236,75,82.56,-73.78,62.74,102.18
802,3.58,0.85,3.89,42,14.3,71,34,10.1,10,156,70,24,61,208,43,73.72,-66.75,64.75,95.97
803,2.65,0.5,3.8,60.2,12,75,84,10.2,8,282,77,24,125,233,60,83.42,-58.88,69.51,97.03
804,0.71,4.37,2.83,53.6,18.3,80,45,10.4,10,246,77,28,218,26,103,47.79,71.92,8.16,72.42
805,2.78,0.5,4.4,66,16.2,64,35,10.1,15,70,82,11,104,231,16,81.91,-65.78,77.72,106.7
806,4.41,3.5,0.78,64.1,18.8,70,31,10.8,8,120,95,30,46,92,213,42.82,27.96,-66.61,72.6
807,4.68,0.08,4.35,77.4,18,64,56,10.7,11,56,75,15,40,248,62,85.97,-80.09,70.7,112.72
808,1.58,2.54,4.08,63.9,16.3,62,37,11,10,237,92,12,171,130,48,56.92,7.39,48.54,49.58
809,1.65,1.23,0.07,43.2,10.6,65,68,10.4,11,230,83,26,159,188,255,76.41,6.19,-36.17,45.21
810,4.81,4.06,0.65,75.3,12.3,65,73,10.4,15,244,78,13,0,37,224,31.12,61.65,-92.24,112.54
811,3.69,1.2,0.54,46.5,14,64,38,11.1,12,250,76,21,40,190,222,71.25,-26.54,-26.67,43.21
812,0.15,1.49,0.81,67,14.6,66,37,10.1,14,272,90,24,245,170,208,77.71,32.99,-8.12,43.84
813,4.64,2.03,0.27,47.3,10.1,79,64,10.7,11,265,75,24,26,155,243,61.77,-1.25,-52.99,54.3
814,0,0.06,1.2,79.1,10.8,79,46,10.9,13,250,74,20,255,252,200,98.05,-7.12,25.34,54.79
815,0.41,2.25,4.61,42.8,16,76,57,10.8,11,221,90,26,234,145,28,67.9,25.96,68.25,75.18
816,2.06,0.68,2.26,41,18.9,66,68,10.6,12,299,80,27,154,221,143,82.14,-35.84,31.76,57.67
817,3.78,1.34,3.17,43.7,10.5,74,78,10.7,9,148,77,29,82,196,107,71.1,-51.39,35.14,65.73
818,0.03,3.41,0.85,60.3,15.4,75,70,11.5,10,97,74,17,249,86,216,63.14,75,-34.67,83.66
819,2.51,4.32,4.2,49.5,14,76,56,10.7,14,171,74,26,130,43,49,31.11,37.82,16.8,45.49
820,0.13,3.82,4.12,61.7,17.5,77,31,11.1,15,105,81,22,249,50,33,54.59,71.93,57.18,92
821,0.82,4.9,3.62,55.6,11,71,36,11.3,14,218,85,21,213,0,44,44.71,70.63,40,81.34
822,2.43,1.49,0.08,71.6,16.3,68,88,10.9,10,118,71,27,153,191,254,76.79,2.72,-35.07,44.22
823,1.01,0.26,2.54,58.7,12.8,75,88,10.2,13,277,79,29,201,236,119,88.8,-29.06,52.52,71.47
824,4.53,3.63,2.41,44.5,16.1,65,73,10.9,10,216,92,20,35,81,136,34.02,4.22,-35.25,38.93
825,0.01,4.3,4.09,77.7,15.9,79,75,10.3,11,209,81,27,255,43,54,55.34,75.66,48.07,89.8
826,0.1,0.48,1.37,45.4,19.4,68,83,10.3,13,227,84,26,249,226,181,90.72,1.22,24.91,47.75
827,2.47,0.56,0.01,48.1,11.5,62,89,10.7,13,263,87,27,132,223,255,84.43,-18.91,-23.98,46.02
828,3.25,4.62,1.19,76.3,18.3,77,33,11,10,259,84,30,103,36,202,34.82,62.01,-73.19,97.12
829,0.45,4.21,0.01,77.9,14.7,64,89,10.1,10,77,92,26,230,50,253,58.23,87.69,-63.31,108.47
830,4.07,3.14,4.74,56.7,17.6,68,79,10,14,180,78,19,44,92,13,34.43,-30.81,36.9,50.53
831,0.28,1.44,4.58,69.2,17.5,69,31,10.6,12,267,72,23,239,182,33,77.23,8.65,74.64,79.92
832,3.16,0.9,4.84,73.2,14.1,62,53,10.7,12,62,81,16,110,211,24,76.05,-56.75,71.8,95.15
833,1.02,3.12,0.29,72,12.6,63,80,10.4,15,231,77,20,205,87,238,58.01,67.83,-55.51,88.01
834,1.45,2.77,1.74,46.6,11,71,80,11.3,9,235,71,12,181,108,159,55.13,36.39,-15.18,39.76
835,0.83,1.92,4.63,72,19.9,76,74,10.3,12,137,77,26,213,164,31,70.03,6.85,68.16,71.37
836,3.01,1.65,2.76,70.5,10.3,61,33,10.5,8,65,84,29,112,177,124,66.78,-32.07,20.74,41.72
837,2.06,3.75,2.57,77.8,12.7,62,32,10.6,13,284,92,26,151,62,126,40.46,45.09,-18.2,49.55
838,1.14,4.24,1.72,64.4,14.8,68,52,10.7,15,128,92,18,203,52,172,49.66,69.49,-30.95,76.07
839,4.15,2.34,3.22,75.2,11,62,48,10.8,9,218,78,21,56,138,97,51.7,-35.02,14.67,38.01
840,0.37,1.19,4.01,55.8,19.8,61,76,10.4,15,219,86,11,238,187,36,78.37,5.67,74.78,80.18
841,1.42,0.46,4.87,53.5,13.5,64,51,10,13,267,91,25,169,232,0,85.07,-45.32,82.88,100.76
842,2.04,4.26,0.67,47.4,15.5,79,60,10.1,9,182,85,27,145,33,216,41.32,71.63,-70.42,100.82
843,4.07,0.06,0.39,51.3,18.1,61,62,10.1,13,278,78,26,23,253,231,89.95,-53.34,-3.39,66.73
844,0.32,3.02,1.26,78.5,17.2,74,32,10.3,8,271,71,19,244,103,187,63.78,62.79,-17.36,66.59
845,2.71,4.34,1.28,46.7,11.7,77,62,10.6,14,124,83,13,125,46,189,37.82,58.39,-60.55,84.99
846,4.22,0.84,3.88,41.2,15.9,78,50,11.4,8,170,87,23,38,208,57,73.43,-69.02,59.8,94.28
847,2.27,0.75,4.82,53.1,19.3,61,37,10.4,11,285,75,13,128,213,0,77.39,-52.19,76.05,96.22
848,0.54,3.8,1.5,50.4,12.3,74,41,10.3,14,139,81,21,225,42,168,52.39,76.59,-24.05,80.31
849,1.25,0.85,1.49,47.8,10.9,64,84,10.3,10,295,77,20,186,208,174,81.07,-13.61,14.43,36.86
850,2.88,0.78,4.7,57.1,12.5,65,57,11.4,14,296,76,14,93,206,0,73.85,-60.29,72.68,97.4
851,1.46,1.45,3.25,71.6,13.6,76,63,10.4,13,137,82,24,185,178,93,71.52,-9.2,43.95,49.79
852,2.95,2.93,1.82,72.5,12.6,75,74,10.3,11,195,73,25,109,108,161,47.69,13.15,-28.43,31.41
853,2.42,3.99,4.72,73.3,19.1,67,61,10.1,14,252,90,19,129,48,4,31.33,33.09,41.25,56.08
854,1.2,4.46,1.48,53.7,15.2,74,42,11,15,59,92,10,194,38,185,47.44,73.27,-42.17,84.58
855,0.82,2.24,4.77,63.4,12.9,69,65,10.7,12,289,91,23,217,141,14,64.83,20.64,68.07,72.66
856,3.59,3.43,0.44,66.5,11,62,68,10.2,15,276,77,14,50,58,235,37.3,56.43,-88.21,105.48
857,2.28,4.62,0.4,63.1,13.5,68,81,10.5,10,221,81,20,152,41,233,44.44,73.94,-74.98,105.45
858,4.6,3.29,0.74,70,14.6,80,65,10.6,14,239,85,24,40,104,219,46.26,21.95,-64.44,68.18
859,3.98,3.49,3.62,64,12.9,80,69,11.1,11,260,87,20,51,75,68,29.8,-11,1.21,23.03
860,2.94,3.58,0.8,50.7,11.3,69,62,11.5,9,111,83,14,97,65,210,39.54,50.12,-70.11,86.81
861,1.99,4.85,1.33,76.6,13,74,86,11.2,8,226,82,17,156,18,194,40.24,72.13,-59.35,93.92
862,4.97,2.96,1.72,43.4,17.6,76,53,10.9,13,296,92,14,11,111,166,44.51,-5.17,-36.66,37.43
863,1.18,1.87,3.79,46.1,13,75,45,11.3,12,165,73,14,196,151,49,65.04,6.99,57.1,59.46
864,1.03,2.87,3.2,44.8,16.6,61,75,10.6,15,192,81,18,204,107,91,56.2,36.81,26.35,45.69
865,0.2,0.27,3.32,51,13.3,78,70,10,14,91,85,10,242,238,83,91.98,-16.58,72.24,85.18
866,4.11,1.82,0.94,76.5,13.8,76,60,10.7,13,151,80,27,60,167,207,64.24,-17.43,-29.18,36.85
867,4.68,4.95,1.98,63.1,13,70,61,11.4,11,237,84,21,6,0,150,16.7,53.36,-72.28,95.82
868,4.37,1.94,4.85,74.2,12.3,74,47,10.5,12,111,91,11,55,163,24,59.04,-54.23,56.32,78.71
869,4.11,4.05,0.17,62.8,10.9,78,44,11.1,14,260,81,13,33,30,241,33.14,69.71,-98.55,121.88
870,3.41,3.27,4.56,48.3,18.4,69,71,11,10,73,74,23,102,106,45,43.25,-10.91,33.16,35.56
871,3.17,4.95,2.42,40.5,19.3,65,49,10.5,12,93,92,14,99,12,133,25.59,52.85,-46.66,74.61
872,3.94,1.6,1.81,48.2,15.1,79,77,10.1,10,98,78,29,61,181,167,67.15,-36.25,-2.6,40.19
873,0,4.48,2.21,76.5,18,77,73,10.6,13,219,95,13,255,55,159,58.51,79.39,-8.97,80.35
874,1.25,3.83,1.74,48.9,16.4,71,75,10,12,287,89,21,189,46,159,46.01,66.27,-29.11,72.49
875,1.72,1.9,1.2,51.4,16.4,79,89,11,9,64,70,14,179,177,203,73.11,5.84,-12.89,27.1
876,1.01,4.35,2.88,74.6,13.6,62,72,10.1,14,263,94,23,205,11,102,44.49,70.75,3.72,71.06
877,3.47,4.39,2.7,68.5,18.5,69,84,10.3,8,112,90,23,89,43,123,27.52,36.51,-37.31,56.84
878,1.43,1.16,2.38,66.8,14.2,61,56,10.7,13,269,84,21,181,194,139,76.24,-13.71,26.25,39.57
879,4.44,2.84,3.78,40.6,15.7,64,64,10,9,231,77,20,17,99,47,36.46,-36.22,22.87,44.93
880,2.61,4.93,3.39,59.3,14.5,70,44,11.1,13,249,83,21,112,0,66,23.13,47.36,-6.42,54.83
881,0.08,4.01,2.1,44.2,18.6,72,58,11,14,51,90,25,253,63,156,58.83,76.43,-6.78,77.24
882,4.46,1.3,0.12,49.7,16.5,66,44,11,11,105,71,18,42,189,251,72.13,-16.23,-41.02,49.35
883,4.88,0.68,3.14,76.8,13.8,70,32,10.6,9,82,95,17,31,228,113,80.16,-69.26,43.38,87.11
884,3.74,3.84,0.85,61.5,18.9,68,37,11,11,290,82,19,74,63,211,37.32,48.27,-74.39,89.58
885,2.34,3.05,0.58,48,11.8,69,65,10.4,14,262,94,29,119,85,227,46.93,47.91,-67.69,82.99
886,1.33,2.44,2,70.9,14.9,78,33,10.7,11,151,79,11,189,142,158,63.86,20.28,-1.49,24.61
887,0.15,4.58,0.14,61.6,19.1,72,44,10.4,11,294,86,19,250,11,249,59.35,95.98,-59.1,113.1
888,2.51,1.06,1.33,50.1,13.7,73,49,10,10,81,77,15,123,199,188,75.26,-26.08,-1.92,36.36
889,3.32,1.4,1.32,65.2,15,69,64,10.6,11,147,89,17,101,190,195,71.91,-25.31,-10.78,35.17
890,0.11,4.19,3.5,55.8,16.1,61,67,11.2,8,116,92,27,250,35,73,54.04,76.6,35.69,84.6
891,4.41,2.67,0.13,50.8,11.4,70,74,11.3,12,195,87,18,15,109,247,49.19,28.06,-75.45,80.5
892,4.09,1.98,3.98,66.7,18.4,78,60,10.9,10,116,75,20,77,168,77,61.76,-45.9,38.54,61.08
893,0.51,0.42,4.03,78,16.6,74,90,10.4,15,282,89,20,232,237,48,90.75,-21.67,82.01,94.11
894,4.28,0.76,2.93,65.5,14,71,88,10.2,11,151,83,22,47,220,113,77.86,-65.12,40.55,81.62
895,3.73,2.63,3.1,70.9,16.6,76,87,10.8,9,156,94,24,92,142,126,55.2,-20.57,3.21,21.46
896,2.27,4.24,0.34,63.1,11.8,80,53,10.5,13,127,82,22,152,51,243,46.33,72.92,-77.53,106.5
897,1.16,2.81,0.79,78.7,11.2,74,50,11,13,129,70,23,196,120,222,62.04,46.48,-40.28,62.67
898,3.26,3.52,2.35,60.6,14.7,64,90,11,9,88,82,17,111,95,146,43.71,17.75,-25.71,31.87
899,1.04,4.12,0.78,56.2,17.8,79,44,11.1,12,216,87,20,200,34,217,50.02,80.23,-56.49,98.12
900,0.46,0.05,4.11,80,17.2,61,60,10.4,14,274,81,25,226,248,35,93.2,-29.64,86.72,101.32
901,1.26,2.19,0.69,51.6,13.1,75,84,10.2,11,98,72,12,196,143,218,66.86,33.25,-30.55,48.2
902,3.76,2.73,3.99,45.5,15,75,68,10.7,12,69,79,22,83,134,68,51.04,-30.47,30.11,42.85
903,1.39,4.2,3.52,64.3,17.1,72,36,11.4,14,67,74,11,180,35,74,40.25,58.18,14.67,60.79
904,3.97,0.05,1.57,45.9,11.2,67,41,10.9,14,98,91,13,56,255,173,89.57,-65.54,25.98,80.85
905,0.51,3.78,3.98,65.7,14,74,53,11.3,11,145,70,26,225,58,52,51.02,63.2,42.88,76.38
906,3.14,3.84,3.65,48.9,12.8,65,61,10.6,9,79,94,21,104,68,82,33.32,17.8,-2,24.48
907,3.1,1.96,2.31,71.3,14.1,61,31,10.7,11,59,73,28,107,164,142,63.03,-23.68,5.53,27.59
908,4.51,4.82,2.95,73.7,13.6,66,85,10.5,10,55,95,22,58,45,130,24.91,30.31,-46.12,60.62
909,3.74,3.22,2.67,79.3,16.8,78,68,10.2,10,132,85,26,75,99,128,41.18,-0.91,-19.01,20.98
910,1.79,4.91,1.68,71.3,10.4,67,69,10.7,11,77,92,12,168,29,182,42.13,69.94,-49.15,85.84
911,0.35,1.65,4.82,75.5,11.9,75,35,10.2,9,184,83,19,241,168,1,74.01,16.44,77.43,82.72
912,4.21,3.3,4.82,78.6,19.3,70,32,11.1,15,76,72,26,35,80,2,29.66,-29.32,36.2,50.83
913,1.06,3.86,4.19,65.9,13.9,63,54,11,13,140,88,13,200,61,54,46.83,54.42,35.86,65.25
914,0.45,1.4,3.37,74,12,76,56,11.3,9,77,90,21,236,191,89,79.51,5.05,56.3,63.77
915,1,2.65,0.16,79.4,10.3,62,35,10.3,8,233,85,13,196,111,248,61.55,56.54,-55.48,80.05
916,3.29,3.73,2.98,67,17.7,62,37,10.2,9,152,94,19,75,59,96,28.03,15.49,-19.37,33.13
917,4.13,2.11,4.7,51.3,12.1,79,33,10,10,205,78,25,26,138,0,49.97,-52.21,53.01,74.4
918,3.59,1.78,1.53,75.7,11.3,76,77,10.2,11,58,88,12,78,173,183,65.69,-24.93,-13.59,32.44
919,1.15,2.93,0.38,42,13.1,74,80,10.2,12,247,80,14,194,97,236,58.11,60.37,-54.32,81.61
920,1.15,1.16,3.2,65.8,12.6,61,55,10.6,15,125,73,14,195,194,97,76.71,-12.95,48.39,56.77
921,2.56,2.97,1.35,78.2,10.9,67,87,10.5,9,201,91,14,142,124,195,56.19,22.35,-34.6,41.65
922,3.93,2.7,1.8,46.9,17.8,62,84,10.9,13,220,75,28,62,121,171,49.05,-3.34,-32.35,32.54
923,4.11,1.74,4.7,40,19.4,75,68,10.3,12,296,79,11,37,159,2,57.26,-57.04,58.6,82.1
924,2.26,4.4,1.29,64.2,17.6,60,41,11.3,10,178,94,22,129,20,186,35.43,66.34,-62.67,92.42
925,1.05,3.03,4,65.4,12.3,79,38,11.5,12,173,91,27,194,88,37,50.2,39.54,47.85,62.07
926,0.79,0.26,1.68,52.1,13.4,77,79,11,9,110,77,18,224,239,182,92.11,-14.36,25.99,51.53
927,3.58,1.8,1.08,77.7,14.6,73,84,11.4,13,282,78,27,69,163,197,62.92,-17.15,-25.63,33.44
928,0.32,1.25,2.68,47.8,10.6,70,31,10.2,8,128,81,30,233,190,111,79.21,5.97,45.37,54.29
929,2.05,3.66,4.26,65.7,17.1,67,46,10.8,10,217,85,20,154,81,52,42.77,27.78,30.34,41.77
930,4.63,3.34,4.02,66.5,14.8,73,49,11.2,14,219,90,24,0,76,33,27.51,-32.06,19.68,43.83
931,3.09,2.32,2.31,55.8,13.1,77,64,11.4,14,227,84,26,86,130,128,51.27,-15.52,-3.74,16.01
932,4.28,4.91,4.57,64.4,14.6,72,44,11,13,64,71,12,55,23,46,13.37,19.6,-8.21,42.35
933,4.36,4.96,3.09,56,12.6,69,82,11,8,127,76,19,62,33,111,21.05,32.49,-40.27,59.29
934,3,3,3.47,41.2,16.8,71,33,10.3,9,66,72,24,95,94,75,39.49,-3.2,11.07,15.6
935,1.61,2.29,2.05,46.6,11.8,65,49,11.2,8,273,77,21,169,127,144,57.68,18.95,-2.81,20.64
936,0.88,4.85,0.7,46,17.4,74,67,11.1,12,249,74,19,205,4,219,49.72,85.1,-58.08,103.03
937,2.12,1.19,4.44,74.6,15.8,78,35,10.1,10,58,79,15,153,196,40,73.81,-34.76,67.04,79.18
938,1.27,4.2,0.63,65.4,10.4,80,78,11,13,270,75,27,191,52,230,50.98,76.38,-62.41,98.64
939,4.34,1.67,2.91,56.4,13.6,61,62,10.5,14,212,71,26,39,172,105,62.47,-50.37,24.76,57.5
940,1.96,3.24,3.88,57.8,17.3,60,45,11.1,9,134,93,19,150,85,52,43.11,23.85,30.6,39.4
941,0.46,1.26,0.99,73.5,15.5,64,37,10.2,15,272,91,27,227,183,201,78.7,18.69,-3.05,34.38
942,2.93,4.36,0.52,67.4,19.9,67,51,10.4,10,51,74,19,107,42,229,38.62,67,-82.48,106.87
943,0.02,1.69,3,45.3,19.8,65,31,10.5,14,172,71,23,253,169,98,76.16,24.18,48.65,60.3
944,2.4,2.06,2.7,46,18.1,78,62,10.2,14,153,82,29,126,152,115,60.01,-16.37,16.53,25.33
945,2.33,1.57,0.05,68.9,12.7,78,73,10.1,14,264,90,13,137,173,255,71.16,9.04,-44.45,50.05
946,1.79,0.09,4.34,58.3,19.9,75,85,10.4,13,229,70,29,163,254,34,91.14,-55.93,83.67,108.73
947,3.45,3.78,4.23,59.7,19.1,62,56,11,12,204,89,21,85,75,48,32.21,-0.26,17.62,25.04
948,4.23,4.47,0.61,62.1,17.3,73,88,10.2,8,111,89,17,57,42,225,33.9,61.57,-88.13,108.71
949,4.07,3.37,2.78,50,18.6,78,34,10.9,11,212,88,28,52,96,124,38.81,-6.39,-20.34,24.08
950,0.22,2.56,2.64,43.5,16.8,68,31,10.9,14,221,84,11,248,122,120,65.93,47.94,23.93,55.9
951,1.29,4.4,0.74,49.9,11.8,65,75,10.3,9,192,92,26,181,18,218,46.07,80.03,-63.6,102.3
952,3.93,3.3,0.53,52.9,19.1,65,87,10.4,13,241,82,19,44,82,227,41.4,39.29,-76.92,86.8
953,2.03,1.92,1.88,78,19.6,78,88,10.2,10,183,89,26,163,167,168,68.21,-1.22,-1.01,18.28
954,1.94,4.51,0.79,50.7,14.7,68,39,10.3,14,293,80,20,145,0,214,39.37,76.54,-72.46,105.93
955,0.49,3.71,1.38,79.3,12.1,79,49,10.1,14,93,91,28,231,62,183,55.94,74.4,-27.24,79.45
956,2.36,1.63,0.66,47.7,16,77,47,10.2,12,143,94,29,126,171,220,68.55,-2.42,-29.48,34.91
957,3.88,1.38,4.64,75.8,18.3,64,44,10.4,8,248,90,16,56,188,15,67.16,-62.54,65.11,91.9
958,0.17,2.52,2.19,44.1,19.2,75,61,10.6,14,250,85,13,249,131,147,68.38,46.43,12.14,51.39
959,2.28,3.87,4.72,71.2,13.1,66,86,10.9,11,284,83,19,149,74,31,40.23,28.4,38.62,48.92
960,1.13,2.51,4.13,76.3,18.7,70,76,11,13,298,72,29,204,139,64,63.07,17.76,48.84,53.59
961,4.92,2.74,0.49,53,19.7,65,80,10.7,9,258,86,19,24,123,231,51.98,13.41,-61.99,63.45
962,4.55,4.47,2.51,72.6,14.3,63,70,10.9,11,169,75,11,43,51,135,25.65,25.47,-48.09,59.62
963,0.35,4.45,1.66,54.2,15.7,71,56,10.3,9,230,75,22,236,23,165,53.13,81.92,-20.97,84.62
964,0.86,2.39,4.59,53.1,15.7,74,65,10.2,11,106,72,30,210,130,22,61.42,23.68,63.48,68.71
965,1.88,0.18,4.45,40.3,13.3,79,76,10.6,10,186,76,10,171,251,51,90.73,-51.39,79.74,103.24
966,4.02,2.42,4.42,56.3,10,71,45,11.3,9,75,70,22,45,130,24,47.74,-44.91,45.82,64.2
967,1.33,1.91,1.72,74.4,16.5,65,55,11.1,13,199,82,10,189,158,167,68.07,12.92,-0.39,22.22
968,2.08,1.6,2.48,54.6,16.6,71,83,10.5,10,264,87,24,160,176,143,69.83,-11.64,15.07,27.49
969,1.12,3.66,4.67,76.4,11.9,65,49,10.3,9,264,87,28,196,59,4,45.46,52.64,55.95,76.95
970,0.73,0.14,0.17,65.8,11.9,62,32,10.4,11,60,83,13,211,243,243,93.63,-10.33,-3.5,44.97
971,1.76,3.12,3.4,79.7,17,79,75,11.3,15,72,72,17,170,105,97,51.28,25.08,15.49,29.51
972,1.79,1.86,2.47,77,13.9,63,71,10.9,14,151,84,29,169,164,137,67.12,-2.81,14.69,22.73
973,3.88,4.66,0.95,58.9,18.1,78,70,11,14,245,93,10,79,42,207,33.61,58.22,-78.18,98.84
974,1.85,0.56,1.35,55.8,12.7,64,47,10.1,13,160,76,22,147,223,177,82.99,-33.13,15.21,49.17
975,1.48,2.31,0.54,59.2,19.7,78,88,11.4,13,160,93,28,182,139,227,64.93,33.17,-38.64,53.07
976,1.88,2.71,4.69,47.9,14.5,73,49,11.4,11,245,74,27,153,103,0,47.59,12.97,54.9,56.46
977,0.33,2.58,4.51,45.4,14.7,78,70,11.4,14,115,87,18,233,119,21,62.15,38.91,65.66,77.28
978,3.64,4.45,2.26,75,15.2,75,50,10.8,11,81,95,24,94,54,147,32.09,37.85,-44.85,61.36
979,1.38,1.31,1.45,73.1,17.2,74,43,10.5,10,128,82,26,195,198,194,79.55,-1.77,1.64,29.65
980,3.8,2.06,3.12,73.4,18.2,75,54,10.5,11,64,85,11,86,164,120,61.55,-34.42,15.55,39.5
981,3.13,1.53,0.41,77.1,10.8,70,33,11.4,11,129,80,28,87,170,231,66.93,-7.03,-38.17,42.34
982,3.01,4.92,1.08,79.9,12.7,72,69,11.2,14,210,84,30,95,0,194,30.22,67.64,-76.12,103.73
983,3.28,3.02,4.22,57.6,14.6,73,83,10.5,10,270,91,30,102,114,56,45.83,-14.23,30.41,33.83
984,4.2,4.32,0.72,70.9,15.5,80,38,10.3,11,112,71,16,45,40,214,31.64,58.53,-85.57,105.29
985,0.02,3.79,3.42,52.1,13.3,66,72,11.2,9,241,88,13,251,57,74,56.02,71.86,37.51,81.28
986,0.12,2.23,1.23,69.6,13.4,75,62,10.2,10,180,76,20,250,147,196,73.01,44.83,-8.46,51.1
987,1.02,4.49,2.38,41.7,10.2,76,88,10.4,9,104,86,20,205,27,138,46.45,71.86,-15.55,73.61
988,0.21,1.44,0.58,75.4,15.5,74,50,10.3,13,219,86,18,246,182,225,81.01,29.76,-12.39,44.73
989,0.06,3.45,2.9,41.9,16.8,65,81,10.3,13,72,93,18,255,80,104,59.89,67.18,25.21,72.43
990,3.65,0.9,2.84,55.3,13.4,72,31,10.2,10,164,73,26,60,201,103,72.03,-58.26,38.21,73.07
991,0.18,2.01,1.48,63.9,11.9,66,60,10.9,11,72,71,16,247,158,184,74.63,36.44,0.51,43.99
992,0.58,4.69,0,71.9,14.3,76,75,11.3,9,53,88,14,226,34,252,56.43,90.09,-65.67,111.67
993,0.36,3.33,4.47,46.6,10.5,70,69,10.7,10,59,90,28,242,102,45,60.4,51.05,56.51,76.86
994,0.52,2.14,0.25,70,10.2,68,88,10.2,10,257,85,23,226,147,241,71.82,44.77,-35.27,61.03
995,4.34,4.35,2.03,54.7,13.3,71,64,10.1,8,197,78,12,29,30,152,21.78,43.03,-65.02,82.92
996,4.96,0.32,4.19,67.8,13.6,68,59,10,10,298,82,29,0,241,29,83.44,-81.97,76.49,117
997,2.06,4.82,1.46,78.9,11.7,76,60,10.7,9,237,82,28,157,32,190,41.09,68.7,-55.62,88.84
998,1.23,4.59,0.79,43.2,13.8,79,35,10.1,10,79,88,12,191,9,215,47.21,81.95,-59.95,101.58
999,2.7,1.94,2.64,73.4,17.6,70,72,11.5,8,223,77,17,128,162,130,63.38,-18.19,12.88,26
1000,3.12,2.41,3.18,76.3,13.4,65,74,10.4,8,261,82,21,100,132,93,51.84,-19.34,17.48,26.13
